Year,Month,avgtemp,cloud_cover,diurnal_temperature_range,ground_frost_frequency,maxtemp,mintemp,potentialevapotranspiration,precipitation,Reference_crop_evapotranspiration,vapour_pressure,wet_day_frequency
1930,Jan,23.811999999999998,26.594,9.318,0.1447,28.476999999999997,19.147000000000002,5.35,24.156999999999996,26.594,22.346999999999998,3.2651
1931,Jan,24.211,25.180999999999997,9.318,0.1235,28.877,19.559,5.4,2.273,25.180999999999997,22.147,0.8608
1932,Jan,23.624000000000002,23.482,9.318,0.31,28.288,18.97,5.4,0.023,23.482,21.97,0.0235
1933,Jan,24.211,26.594,9.318,0.0035,28.877,19.559,5.37,2.128,26.594,22.47,1.1889
1934,Jan,24.1,27.717,9.318,0.3024,28.764,19.447,5.36,44.001999999999995,27.717,22.058000000000003,2.1699
1935,Jan,23.9,27.916999999999998,9.318,0.0624,28.565,19.235,5.32,18.938,27.916999999999998,22.47,2.3769
1936,Jan,24.412,26.594,9.318,0.0,29.076,19.758,5.35,1.229,26.594,22.358,1.1387
1937,Jan,24.112,26.594,9.318,0.0265,28.776,19.459,5.35,3.457,26.594,22.47,1.1494
1938,Jan,24.123,25.093000000000004,9.318,0.0,28.788,19.471,5.35,0.023,25.093000000000004,22.47,0.0235
1939,Jan,23.712,26.594,9.318,0.3024,28.375999999999998,19.058,5.36,23.186,26.594,22.147,1.9481
1940,Jan,23.111,24.005,9.318,0.5188,27.776999999999997,18.459,5.4,1.1,24.005,21.258000000000003,1.0547
1941,Jan,24.611,27.694000000000003,9.318,0.0,29.276999999999997,19.959,5.34,28.11,27.694000000000003,22.47,1.7816
1942,Jan,24.112,25.093000000000004,9.318,0.0012,28.776,19.459,5.38,0.023,25.093000000000004,22.47,0.0235
1943,Jan,24.311999999999998,27.393,9.318,0.0,28.976999999999997,19.647000000000002,5.38,28.06,27.393,22.47,2.3516
1944,Jan,24.4,26.594,9.318,0.0,29.065,19.735,5.35,10.952,26.594,22.47,1.7634
1945,Jan,23.811999999999998,25.394000000000002,9.318,0.2159,28.476999999999997,19.147000000000002,5.35,0.023,25.394000000000002,22.058000000000003,0.0235
1946,Jan,23.123,25.093000000000004,9.318,0.5723,27.788,18.471,5.35,21.33,25.093000000000004,21.258000000000003,1.9382
1947,Jan,24.7,29.428,9.318,0.0,29.365,20.047,5.35,53.494,29.428,22.47,2.4387
1948,Jan,24.3,27.694000000000003,9.318,0.0,28.965,19.647000000000002,5.33,24.539,27.694000000000003,22.47,1.8375
1949,Jan,23.612,23.905,9.318,0.3012,28.276,18.958,5.4,0.47600000000000003,23.905,22.147,0.4765
1950,Jan,23.212,24.329,9.318,0.3,27.875999999999998,18.559,5.35,3.951,24.329,22.259,1.0547
1951,Jan,23.712,26.905,9.318,0.1635,28.375999999999998,19.058,5.36,0.853,26.905,22.47,0.8531
1952,Jan,24.4,19.429000000000002,9.318,0.0,29.065,19.735,5.49,0.47600000000000003,19.429000000000002,22.47,0.4765
1953,Jan,24.336,28.57,9.318,0.0612,29.0,19.682000000000002,5.33,4.43,28.57,22.47,1.0752
1954,Jan,24.112,27.093000000000004,9.318,0.0,28.776,19.459,5.32,38.9,27.093000000000004,22.47,2.3116
1955,Jan,24.011999999999997,28.893,9.318,0.0,28.676,19.358,5.31,52.83,28.893,22.47,2.1182
1956,Jan,23.7,27.694000000000003,9.318,0.2524,28.364,19.046,5.32,17.811,27.694000000000003,22.47,2.083
1957,Jan,23.9,27.694000000000003,9.318,0.1223,28.565,19.235,5.31,0.023,27.694000000000003,22.47,0.0235
1958,Jan,24.5,26.594,9.318,0.0,29.165,19.847,5.35,1.695,26.594,22.47,1.6944
1959,Jan,24.611,27.694000000000003,9.318,0.0,29.276999999999997,19.959,5.33,0.441,27.694000000000003,22.47,0.3927
1960,Jan,24.211,27.694000000000003,9.318,0.0,28.877,19.559,5.34,12.258,27.694000000000003,22.47,1.2794
1961,Jan,24.511999999999997,33.294000000000004,9.318,0.0,29.177,19.859,5.23,33.411,33.294000000000004,22.47,2.397
1962,Jan,23.511,26.728,9.318,0.3112,28.177,18.859,5.31,2.398,26.728,22.458000000000002,1.0629
1963,Jan,23.612,30.741,9.318,0.3488,28.276,18.958,5.28,54.708999999999996,30.741,22.47,2.8763
1964,Jan,23.923000000000002,22.605,9.318,0.0,28.588,19.27,5.41,0.023,22.605,22.47,0.0235
1965,Jan,24.112,25.093000000000004,9.318,0.1041,28.776,19.459,5.36,6.454,25.093000000000004,22.47,1.52
1966,Jan,24.8,28.893,9.318,0.0,29.464000000000002,20.147000000000002,5.33,33.574,28.893,22.47,1.964
1967,Jan,24.211,25.87,9.318,0.0324,28.877,19.559,5.37,20.552,25.87,22.47,3.0881
1968,Jan,23.788,27.694000000000003,9.318,0.2159,28.453000000000003,19.135,5.32,0.2,27.694000000000003,22.458000000000002,0.2
1969,Jan,23.712,24.705,9.318,0.1912,28.375999999999998,19.058,5.36,0.47600000000000003,24.705,22.458000000000002,0.4765
1970,Jan,24.4,27.694000000000003,9.318,0.0,29.065,19.735,5.33,0.46399999999999997,27.694000000000003,22.47,0.4648
1971,Jan,24.0,27.729,9.318,0.14,28.665,19.347,5.28,13.259,27.729,22.47,1.9429
1972,Jan,23.111,22.864,9.318,0.4077,27.776999999999997,18.459,5.36,8.681000000000001,22.864,21.17,1.0547
1973,Jan,24.6,23.680999999999997,9.318,0.0,29.265,19.947,5.41,0.2,23.680999999999997,22.47,0.2
1974,Jan,23.1,25.093000000000004,9.318,0.3047,27.765,18.447,5.34,8.775,25.093000000000004,22.47,1.0547
1975,Jan,23.9,25.093000000000004,9.318,0.2011,28.565,19.235,5.34,8.198,25.093000000000004,22.47,1.0882
1976,Jan,23.123,26.97,9.318,0.4512,27.788,18.471,5.31,6.035,26.97,21.182,1.0547
1977,Jan,23.9,22.281,9.318,0.0788,28.565,19.235,5.43,0.376,22.281,22.47,0.3766
1978,Jan,24.311999999999998,28.712,9.318,0.0,28.976999999999997,19.647000000000002,5.31,9.125,28.712,22.47,1.2605
1979,Jan,24.611,32.058,9.318,0.0,29.276999999999997,19.959,5.24,0.9940000000000001,32.058,22.47,0.9503
1980,Jan,24.523000000000003,24.180999999999997,9.318,0.0,29.189,19.871,5.42,0.547,24.180999999999997,22.47,0.5469
1981,Jan,24.4,26.781,9.318,0.0,29.065,19.735,5.38,35.416,26.781,22.47,2.4729
1982,Jan,24.112,26.594,9.318,0.0,28.776,19.459,5.33,0.565,26.594,22.47,0.5648
1983,Jan,24.123,26.594,9.318,0.0,28.788,19.471,5.31,0.035,26.594,22.47,0.0352
1984,Jan,24.811999999999998,26.594,9.318,0.0,29.476,20.147000000000002,5.4,21.078000000000003,26.594,22.47,1.9311
1985,Jan,24.412,26.594,9.318,0.0,29.076,19.758,5.35,49.645,26.594,22.47,3.2375
1986,Jan,23.724,26.594,9.318,0.2118,28.388,19.058,5.34,63.261,26.594,22.47,3.3622
1987,Jan,24.712,26.594,9.318,0.0,29.375999999999998,20.059,5.4,1.541,26.594,22.581999999999997,1.0547
1988,Jan,24.511999999999997,26.594,9.318,0.0,29.177,19.859,5.35,0.023,26.594,22.682,0.0235
1989,Jan,24.223000000000003,25.805,9.318,0.0,28.889,19.559,5.4,5.504,25.805,22.47,1.0547
1990,Jan,24.3,26.682,9.318,0.0,28.965,19.647000000000002,5.32,9.613999999999999,26.682,22.47,1.7847
1991,Jan,25.112,26.594,9.318,0.0,29.776,20.458,5.38,5.935,26.594,23.47,1.0871
1992,Jan,23.923000000000002,26.594,9.318,0.1964,28.588,19.27,5.33,15.274000000000001,26.594,22.47,1.2670000000000001
1993,Jan,24.0,26.594,9.318,0.0,28.665,19.347,5.34,0.353,26.594,22.47,0.3044
1994,Jan,24.912,26.594,9.318,0.0,29.576999999999998,20.259,5.36,0.847,26.594,22.47,0.6575
1995,Jan,24.211,26.594,9.318,0.0,28.877,19.559,5.33,46.256,26.594,22.47,3.2269
1996,Jan,24.811999999999998,14.005,9.318,0.0,29.476,20.147000000000002,5.6,0.988,14.005,22.559,0.8340000000000001
1997,Jan,24.223000000000003,23.141,9.318,0.0,28.889,19.559,5.43,8.851,23.141,22.458000000000002,1.3758
1998,Jan,26.0,19.659000000000002,9.318,0.0,30.665,21.346999999999998,5.51,1.205,19.659000000000002,24.046999999999997,0.7458
1999,Jan,24.311999999999998,25.87,9.318,0.0,28.976999999999997,19.647000000000002,5.35,3.892,25.87,22.47,1.1005
2000,Jan,25.2,22.37,9.318,0.0,29.864,20.546,5.44,1.4980000000000002,22.37,23.593000000000004,0.9235
2001,Jan,25.3,35.053000000000004,9.318,0.0,29.965,20.647,5.23,1.3630000000000002,35.053000000000004,23.459,0.8399
2002,Jan,25.4,37.805,9.318,0.0,30.065,20.735,5.19,30.895,37.805,23.781999999999996,2.0035
1930,Feb,24.8,20.152,10.505999999999998,0.3153,30.053,19.547,6.15,39.602,20.152,22.381999999999998,2.5669999999999997
1931,Feb,24.788,17.852999999999998,10.505999999999998,0.2288,30.041,19.535,6.21,0.0,17.852999999999998,22.871,0.0
1932,Feb,24.888,22.953000000000003,10.505999999999998,0.3164,30.141,19.635,6.1,39.57,22.953000000000003,22.281999999999996,2.3417
1933,Feb,24.488000000000003,21.641,10.505999999999998,0.3112,29.741,19.235,6.13,0.0,21.641,22.659000000000002,0.0
1934,Feb,23.776,19.741,10.505999999999998,0.6365,29.029,18.523,6.14,0.0,19.741,22.07,0.0
1935,Feb,24.576,21.752,10.505999999999998,0.3577,29.829,19.323,6.12,0.0,21.752,22.281999999999996,0.0
1936,Feb,25.877,20.840999999999998,10.505999999999998,0.0,31.13,20.624000000000002,6.22,48.266999999999996,20.840999999999998,22.781999999999996,3.2024
1937,Feb,25.588,21.553,10.505999999999998,0.0,30.840999999999998,20.335,6.17,1.358,21.553,23.17,1.3059
1938,Feb,25.576999999999998,21.351999999999997,10.505999999999998,0.0788,30.83,20.324,6.15,32.113,21.351999999999997,23.17,2.2446
1939,Feb,23.976999999999997,20.840999999999998,10.505999999999998,0.6377,29.23,18.724,6.11,0.0,20.840999999999998,21.871,0.0
1940,Feb,24.289,21.441,10.505999999999998,0.4176,29.541999999999998,19.035,6.06,0.0,21.441,21.959,0.0
1941,Feb,25.576999999999998,22.864,10.505999999999998,0.0788,30.83,20.324,6.15,3.076,22.864,23.17,1.3906
1942,Feb,25.288,20.329,10.505999999999998,0.1565,30.541,20.035,6.2,2.0709999999999997,20.329,22.871,1.3472
1943,Feb,24.488000000000003,19.452,10.505999999999998,0.6476,29.741,19.235,6.18,42.956,19.452,21.97,1.5665
1944,Feb,25.489,21.141,10.505999999999998,0.21,30.741999999999997,20.236,6.2,12.274000000000001,21.141,22.971,1.9405
1945,Feb,25.476999999999997,21.641,10.505999999999998,0.1912,30.73,20.224,6.15,0.0,21.641,22.182,0.0
1946,Feb,24.388,20.264,10.505999999999998,0.4753,29.641,19.135,6.11,35.464,20.264,22.194000000000003,1.3765
1947,Feb,24.4,22.953000000000003,10.505999999999998,0.3911,29.653000000000002,19.147000000000002,6.1,6.997999999999999,22.953000000000003,22.281999999999996,1.8312
1948,Feb,25.565,20.152,10.505999999999998,0.0612,30.818,20.312,6.2,7.155,20.152,23.17,1.4848
1949,Feb,24.689,19.152,10.505999999999998,0.32,29.941999999999997,19.436,6.15,0.0,19.152,22.171,0.0
1950,Feb,24.988000000000003,19.953,10.505999999999998,0.2241,30.241,19.735,6.15,22.474,19.953,22.67,2.7882
1951,Feb,23.976999999999997,20.199,10.505999999999998,0.6312,29.23,18.724,6.1,0.0,20.199,22.058000000000003,0.0
1952,Feb,25.576999999999998,19.152,10.505999999999998,0.0765,30.83,20.324,6.2,37.705,19.152,23.17,2.2135
1953,Feb,24.9,17.852999999999998,10.505999999999998,0.1365,30.153000000000002,19.647000000000002,6.17,12.799000000000001,17.852999999999998,23.17,1.2181
1954,Feb,25.776999999999997,18.729,10.505999999999998,0.0,31.03,20.523000000000003,6.22,0.0,18.729,23.17,0.0
1955,Feb,24.976,21.752,10.505999999999998,0.1835,30.229,19.723,6.13,3.867,21.752,23.17,1.7382
1956,Feb,24.176,20.375999999999998,10.505999999999998,0.4529,29.429000000000002,18.923,6.11,1.047,20.375999999999998,21.959,1.0411
1957,Feb,24.976,20.375999999999998,10.505999999999998,0.2288,30.229,19.723,6.16,26.146,20.375999999999998,23.17,1.3789
1958,Feb,26.053,23.829,10.505999999999998,0.0,31.305999999999997,20.8,6.13,0.971,23.829,23.17,0.9709
1959,Feb,26.265,21.229,10.505999999999998,0.0,31.518,21.011999999999997,6.2,58.856,21.229,23.17,3.6124
1960,Feb,24.888,18.476,10.505999999999998,0.2288,30.141,19.635,6.19,0.0,18.476,22.67,0.0
1961,Feb,25.765,25.329,10.505999999999998,0.0,31.018,20.511,6.09,48.262,25.329,22.971,2.9142
1962,Feb,25.375999999999998,22.953000000000003,10.505999999999998,0.1576,30.63,20.123,6.11,9.706,22.953000000000003,22.581999999999997,1.8042
1963,Feb,24.289,16.623,10.505999999999998,0.513,29.541999999999998,19.035,6.19,0.0,16.623,21.97,0.0
1964,Feb,25.7,18.252,10.505999999999998,0.0,30.953000000000003,20.447,6.19,0.0,18.252,23.17,0.0
1965,Feb,25.476999999999997,20.387999999999998,10.505999999999998,0.2065,30.73,20.224,6.16,34.219,20.387999999999998,23.17,2.1652
1966,Feb,25.676,19.375999999999998,10.505999999999998,0.0,30.929000000000002,20.423,6.2,0.0,19.375999999999998,23.07,0.0
1967,Feb,25.076999999999998,12.288,10.505999999999998,0.2971,30.33,19.824,6.32,0.0,12.288,23.17,0.0
1968,Feb,25.553,21.217,10.505999999999998,0.0759,30.805999999999997,20.3,6.15,14.242,21.217,22.458000000000002,2.1341
1969,Feb,25.653000000000002,20.951999999999998,10.505999999999998,0.0,30.906,20.4,6.14,0.0,20.951999999999998,23.17,0.0
1970,Feb,25.576999999999998,22.041,10.505999999999998,0.0,30.83,20.324,6.14,17.625999999999998,22.041,23.17,1.4877
1971,Feb,25.665,20.729,10.505999999999998,0.0023,30.918000000000003,20.412,6.19,16.281,20.729,23.17,2.2594
1972,Feb,25.265,18.03,10.505999999999998,0.1677,30.518,20.012,6.21,0.0,18.03,22.77,0.0
1973,Feb,26.076,19.265,10.505999999999998,0.0,31.329,20.823,6.23,0.0,19.265,24.371,0.0
1974,Feb,24.564,14.917,10.505999999999998,0.3312,29.816999999999997,19.311,6.22,0.0,14.917,22.358,0.0
1975,Feb,25.965,21.953000000000003,10.505999999999998,0.0,31.218000000000004,20.712,6.15,0.0,21.953000000000003,23.17,0.0
1976,Feb,24.564,15.075999999999999,10.505999999999998,0.5011,29.816999999999997,19.311,6.21,0.0,15.075999999999999,21.97,0.0
1977,Feb,25.588,21.752,10.505999999999998,0.0,30.840999999999998,20.335,6.14,11.245,21.752,23.17,1.8582
1978,Feb,25.6,24.529,10.505999999999998,0.0,30.853,20.347,6.11,24.769000000000002,24.529,23.07,3.4653
1979,Feb,26.488000000000003,26.853,10.505999999999998,0.0,31.741,21.235,6.1,24.293000000000003,26.853,24.67,1.3765
1980,Feb,25.776999999999997,17.287,10.505999999999998,0.0,31.03,20.523000000000003,6.24,0.0,17.287,23.858,0.0
1981,Feb,25.065,20.505,10.505999999999998,0.0035,30.318,19.812,6.15,2.075,20.505,23.17,1.3765
1982,Feb,25.665,21.141,10.505999999999998,0.0,30.918000000000003,20.412,6.15,0.0,21.141,23.659000000000002,0.0
1983,Feb,27.254,21.041,10.505999999999998,0.0,32.507,22.0,6.2,0.0,21.041,24.67,0.0
1984,Feb,25.1,21.041,10.505999999999998,0.2288,30.353,19.847,6.17,58.192,21.041,23.17,3.4946
1985,Feb,25.776999999999997,20.164,10.505999999999998,0.0,31.03,20.523000000000003,6.17,1.722,20.164,23.371,1.1293
1986,Feb,25.288,19.764,10.505999999999998,0.0353,30.541,20.035,6.16,42.813,19.764,23.17,2.6923
1987,Feb,24.976,20.152,10.505999999999998,0.2288,30.229,19.723,6.17,0.0,20.152,22.570999999999998,0.0
1988,Feb,26.177,20.152,10.505999999999998,0.0,31.43,20.924,6.18,0.0,20.152,23.659000000000002,0.0
1989,Feb,24.853,20.152,10.505999999999998,0.2512,30.105999999999998,19.6,6.15,0.0,20.152,22.182,0.0
1990,Feb,26.688000000000002,20.753,10.505999999999998,0.0,31.941,21.435,6.19,10.675,20.753,24.294,1.3765
1991,Feb,26.265,20.152,10.505999999999998,0.0,31.518,21.011999999999997,6.22,2.488,20.152,23.57,1.3765
1992,Feb,25.976,20.152,10.505999999999998,0.0,31.229,20.723000000000003,6.2,0.0,20.152,23.17,0.0
1993,Feb,25.588,20.152,10.505999999999998,0.0441,30.840999999999998,20.335,6.15,0.318,20.152,23.17,0.3173
1994,Feb,26.076,20.152,10.505999999999998,0.0,31.329,20.823,6.21,59.235,20.152,23.17,2.8376
1995,Feb,25.988000000000003,20.152,10.505999999999998,0.0,31.241,20.735,6.19,1.857,20.152,23.17,1.2188
1996,Feb,25.988000000000003,9.523,10.505999999999998,0.0,31.241,20.735,6.42,0.77,9.523,23.17,0.5997
1997,Feb,25.375999999999998,10.988,10.505999999999998,0.0788,30.63,20.123,6.32,0.0,10.988,22.971,0.0
1998,Feb,27.276999999999997,11.189,10.505999999999998,0.0,32.53,22.023000000000003,6.42,0.023,11.189,24.682,0.0235
1999,Feb,26.177,21.3,10.505999999999998,0.0,31.43,20.924,6.16,5.715,21.3,23.47,1.67
2000,Feb,26.576999999999998,25.741999999999997,10.505999999999998,0.0,31.83,21.324,6.14,53.976000000000006,25.741999999999997,24.383000000000003,2.4906
2001,Feb,26.165,15.824000000000002,10.505999999999998,0.0,31.418000000000003,20.912,6.27,0.035,15.824000000000002,24.059,0.0352
2002,Feb,25.5,19.824,10.505999999999998,0.0088,30.753,20.247,6.19,4.253,19.824,23.47,1.3765
1930,Mar,26.976999999999997,21.594,10.982000000000001,0.3188,32.518,21.447,6.85,0.5,21.594,25.47,0.5
1931,Mar,26.875999999999998,20.393,10.982000000000001,0.3453,32.418,21.435,6.83,0.0,20.393,25.47,0.0
1932,Mar,27.076999999999998,23.081999999999997,10.982000000000001,0.3977,32.618,21.635,6.82,0.0,23.081999999999997,24.494,0.0
1933,Mar,26.677,21.594,10.982000000000001,0.5665,32.218,21.223000000000003,6.81,11.710999999999999,21.594,24.982,1.0282
1934,Mar,26.276999999999997,21.594,10.982000000000001,0.5653,31.818,20.835,6.76,0.0,21.594,23.982,0.0
1935,Mar,26.864,23.081999999999997,10.982000000000001,0.4053,32.406,21.424,6.76,0.0,23.081999999999997,25.47,0.0
1936,Mar,26.576999999999998,20.393,10.982000000000001,0.4353,32.118,21.135,6.83,25.94,20.393,24.518,1.1714
1937,Mar,27.165,22.482,10.982000000000001,0.3188,32.705999999999996,21.724,6.83,0.429,22.482,25.47,0.4044
1938,Mar,27.665,21.97,10.982000000000001,0.0688,33.205999999999996,22.224,6.86,20.73,21.97,25.47,1.169
1939,Mar,26.476,21.77,10.982000000000001,0.4877,32.018,20.947,6.82,8.488,21.77,24.559,1.0669
1940,Mar,28.265,22.07,10.982000000000001,0.0,33.806,22.811999999999998,6.87,11.408,22.07,25.47,1.0575
1941,Mar,27.165,25.005,10.982000000000001,0.1424,32.705999999999996,21.724,6.76,0.0,25.005,25.47,0.0
1942,Mar,26.388,21.594,10.982000000000001,0.3953,31.93,20.947,6.81,0.0,21.594,25.381999999999998,0.0
1943,Mar,26.576999999999998,22.17,10.395,0.4565,31.818,21.424,6.63,0.0,22.17,24.783,0.0
1944,Mar,26.375999999999998,21.594,10.982000000000001,0.6953,31.918000000000003,20.936,6.82,36.343,21.594,23.194000000000003,1.2875
1945,Mar,27.165,21.294,10.982000000000001,0.3188,32.705999999999996,21.724,6.86,0.177,21.294,25.47,0.1765
1946,Mar,27.365,21.405,10.982000000000001,0.2288,32.906,21.923000000000002,6.83,17.417,21.405,25.47,1.1937
1947,Mar,27.065,24.294,10.982000000000001,0.3188,32.606,21.623,6.74,4.247,24.294,25.47,1.0223
1948,Mar,27.165,21.594,10.982000000000001,0.3277,32.705999999999996,21.724,6.85,0.0,21.594,25.47,0.0
1949,Mar,27.377,20.605,10.982000000000001,0.2453,32.918,21.935,6.83,0.0,20.605,25.47,0.0
1950,Mar,27.176,21.105,10.982000000000001,0.3441,32.718,21.724,6.85,1.942,21.105,24.982,0.8827
1951,Mar,27.564,21.594,10.806,0.1588,33.018,22.124000000000002,6.81,4.4110000000000005,21.594,25.47,1.0223
1952,Mar,27.753,21.458000000000002,10.982000000000001,0.0876,33.295,22.311999999999998,6.85,0.0,21.458000000000002,25.47,0.0
1953,Mar,28.676,21.005,10.982000000000001,0.0,34.218,23.224,6.89,0.0,21.005,26.494,0.0
1954,Mar,27.564,20.505,10.982000000000001,0.0989,33.106,22.124000000000002,6.86,3.8939999999999997,20.505,25.47,1.0388
1955,Mar,27.254,22.005,10.982000000000001,0.2265,32.794000000000004,21.811999999999998,6.83,0.0,22.005,25.47,0.0
1956,Mar,27.254,19.817,10.982000000000001,0.25,32.794000000000004,21.811999999999998,6.83,0.0,19.817,25.47,0.0
1957,Mar,26.653000000000002,22.37,10.982000000000001,0.57,32.195,21.211,6.81,5.712000000000001,22.37,23.993000000000002,1.0223
1958,Mar,28.253,23.081999999999997,10.982000000000001,0.0,33.794000000000004,22.811999999999998,6.86,0.3,23.081999999999997,25.47,0.3
1959,Mar,27.564,18.729,10.982000000000001,0.13,33.106,22.124000000000002,6.92,0.0,18.729,25.47,0.0
1960,Mar,27.365,22.358,10.982000000000001,0.15,32.906,21.923000000000002,6.81,0.2,22.358,25.47,0.2
1961,Mar,28.065,31.616999999999997,10.982000000000001,0.0,33.607,22.623,6.69,0.0,31.616999999999997,25.47,0.0
1962,Mar,27.265,21.594,10.982000000000001,0.1677,32.806,21.811999999999998,6.83,1.547,21.594,25.47,1.0223
1963,Mar,27.265,21.505,10.982000000000001,0.2188,32.806,21.811999999999998,6.83,28.862,21.505,25.47,1.1925
1964,Mar,28.465,19.628,10.982000000000001,0.0,34.007,22.935,6.93,0.0,19.628,25.47,0.0
1965,Mar,27.665,20.505,10.982000000000001,0.15,33.205999999999996,22.224,6.91,0.0,20.505,25.47,0.0
1966,Mar,28.265,20.494,10.982000000000001,0.0,33.806,22.811999999999998,6.91,0.0,20.494,25.47,0.0
1967,Mar,27.265,20.37,10.982000000000001,0.2788,32.806,21.811999999999998,6.85,16.227,20.37,25.47,1.0352
1968,Mar,27.653000000000002,22.381999999999998,10.982000000000001,0.1535,33.194,22.212,6.86,0.312,22.381999999999998,25.47,0.3117
1969,Mar,28.165,20.593000000000004,10.982000000000001,0.0,33.705999999999996,22.723000000000003,6.89,0.0,20.593000000000004,25.47,0.0
1970,Mar,28.265,22.346999999999998,10.982000000000001,0.0,33.806,22.811999999999998,6.87,1.5830000000000002,22.346999999999998,25.47,0.9648
1971,Mar,27.076999999999998,22.193,10.982000000000001,0.3565,32.618,21.635,6.83,11.854000000000001,22.193,25.47,1.1233
1972,Mar,26.665,17.482,10.982000000000001,0.4789,32.205999999999996,21.223000000000003,6.89,0.0,17.482,25.346999999999998,0.0
1973,Mar,27.753,22.158,10.982000000000001,0.0624,33.295,22.311999999999998,6.84,0.0,22.158,25.47,0.0
1974,Mar,27.241999999999997,18.44,10.982000000000001,0.1806,32.782,21.8,6.86,1.642,18.44,24.959,1.0223
1975,Mar,28.053,22.57,10.982000000000001,0.0088,33.595,22.612,6.85,0.212,22.57,25.47,0.2117
1976,Mar,27.453000000000003,17.958,10.982000000000001,0.1647,32.994,21.923000000000002,6.91,2.112,17.958,25.259,0.284
1977,Mar,27.677,22.97,10.982000000000001,0.0088,33.217,22.224,6.83,0.0,22.97,25.694000000000003,0.0
1978,Mar,27.365,23.459,10.982000000000001,0.1588,32.906,21.923000000000002,6.81,0.0,23.459,25.47,0.0
1979,Mar,27.875999999999998,21.451999999999998,10.982000000000001,0.0,33.418,22.435,6.88,1.141,21.451999999999998,25.47,0.9648
1980,Mar,28.165,20.605,10.982000000000001,0.0,33.705999999999996,22.723000000000003,6.89,0.759,20.605,25.47,0.7575
1981,Mar,27.488000000000003,22.37,10.982000000000001,0.0864,33.03,21.959,6.83,6.534,22.37,25.47,1.0611
1982,Mar,27.865,22.37,10.982000000000001,0.0,33.406,22.423000000000002,6.84,2.511,22.37,25.47,1.0223
1983,Mar,28.853,21.97,10.982000000000001,0.0,34.395,23.4,6.94,1.5230000000000001,21.97,26.081999999999997,1.0223
1984,Mar,27.365,21.405,10.982000000000001,0.15,32.906,21.923000000000002,6.83,18.085,21.405,25.47,1.1655
1985,Mar,28.453000000000003,21.105,10.982000000000001,0.0,33.995,22.924,6.91,0.688,21.105,25.47,0.6883
1986,Mar,27.753,21.405,10.982000000000001,0.0236,33.295,22.311999999999998,6.86,0.08199999999999999,21.405,25.47,0.0821
1987,Mar,27.488000000000003,21.594,10.982000000000001,0.1176,33.03,21.959,6.84,15.47,21.594,25.47,1.0963
1988,Mar,29.065,21.594,10.982000000000001,0.0,34.606,23.624000000000002,6.92,0.588,21.594,26.894000000000002,0.4951
1989,Mar,27.377,21.305,10.982000000000001,0.2253,32.918,21.935,6.83,25.699,21.305,25.47,1.162
1990,Mar,28.877,22.17,10.982000000000001,0.0,34.418,23.435,6.91,18.999000000000002,22.17,25.517,1.1385
1991,Mar,28.364,21.594,10.982000000000001,0.0,33.906,22.924,6.89,0.306,21.594,25.682,0.3056
1992,Mar,27.453000000000003,21.594,10.982000000000001,0.0335,32.994,21.923000000000002,6.88,0.0,21.594,25.47,0.0
1993,Mar,28.265,21.594,10.982000000000001,0.0,33.806,22.811999999999998,6.88,0.841,21.594,25.47,0.8413
1994,Mar,28.065,21.594,10.982000000000001,0.0,33.607,22.623,6.87,0.247,21.594,25.47,0.2469
1995,Mar,27.875999999999998,21.594,10.982000000000001,0.0,33.418,22.435,6.86,10.376,21.594,25.47,1.0751
1996,Mar,27.765,19.581,10.982000000000001,0.0,33.306,22.311999999999998,6.9,0.0,19.581,25.505,0.0
1997,Mar,28.576999999999998,22.37,10.629000000000001,0.0,33.941,23.311999999999998,6.78,1.012,22.37,25.47,1.0118
1998,Mar,29.265,21.37,10.982000000000001,0.0,34.806,23.811999999999998,6.95,0.0,21.37,27.094,0.0
1999,Mar,29.065,17.828,10.982000000000001,0.0,34.606,23.624000000000002,6.98,0.0,17.828,26.993000000000002,0.0
2000,Mar,27.776999999999997,19.741,10.982000000000001,0.0088,33.318000000000005,22.335,6.91,0.035,19.741,25.47,0.0352
2001,Mar,29.353,23.67,10.982000000000001,0.0,34.894,23.9,6.9,0.0,23.67,26.905,0.0
2002,Mar,28.465,21.994,10.982000000000001,0.0,34.007,22.935,6.88,0.0,21.994,25.794,0.0
1930,Apr,29.453000000000003,30.294,10.182,0.36,34.594,24.412,6.92,0.5579999999999999,30.294,29.546999999999997,0.5586
1931,Apr,29.853,30.205,10.182,0.1012,34.994,24.811999999999998,6.9,63.82899999999999,30.205,29.546999999999997,1.0141
1932,Apr,29.365,34.905,10.182,0.3265,34.506,24.324,6.84,24.705,34.905,29.546999999999997,1.7482
1933,Apr,29.453000000000003,30.294,10.182,0.4765,34.594,24.412,6.9,2.9939999999999998,30.294,28.682,1.0
1934,Apr,29.665,32.605,10.182,0.2676,34.806,24.623,6.84,27.766,32.605,29.546999999999997,1.0
1935,Apr,30.253,32.205,10.182,0.3706,35.394,25.212,6.86,0.0,32.205,29.546999999999997,0.0
1936,Apr,30.353,32.393,10.182,0.1477,35.495,25.311999999999998,6.89,20.396,32.393,29.546999999999997,1.1965
1937,Apr,29.553,30.005,10.182,0.4488,34.694,24.511999999999997,6.9,72.367,30.005,28.493000000000002,2.0135
1938,Apr,29.653000000000002,29.093000000000004,10.182,0.2588,34.795,24.611,6.9,0.0,29.093000000000004,29.546999999999997,0.0
1939,Apr,29.065,31.593000000000004,10.182,0.6289,34.205999999999996,24.024,6.83,57.24100000000001,31.593000000000004,27.935,1.9153
1940,Apr,29.365,30.294,10.182,0.4941,34.506,24.324,6.92,6.443,30.294,28.594,1.1563
1941,Apr,30.453000000000003,34.094,10.182,0.0523,35.595,25.410999999999998,6.84,6.002000000000001,34.094,29.636,1.1841
1942,Apr,29.653000000000002,30.294,10.182,0.3176,34.795,24.611,6.87,10.745999999999999,30.294,29.546999999999997,1.3747
1943,Apr,29.741,31.493000000000002,10.182,0.35,34.883,24.7,6.89,31.364,31.493000000000002,28.247,1.4794
1944,Apr,29.553,30.805,10.182,0.4477,34.694,24.511999999999997,6.89,1.96,30.805,28.546999999999997,0.9883
1945,Apr,29.453000000000003,29.405,10.182,0.4389,34.594,24.412,6.9,28.103,29.405,28.546999999999997,2.1606
1946,Apr,29.553,30.294,10.182,0.4377,34.694,24.511999999999997,6.9,7.06,30.294,29.546999999999997,1.2459
1947,Apr,30.353,33.216,10.182,0.07,35.495,25.311999999999998,6.88,11.401,33.216,29.546999999999997,1.2635
1948,Apr,29.653000000000002,29.405,10.182,0.2588,34.795,24.611,6.9,11.98,29.405,29.546999999999997,1.0
1949,Apr,30.353,30.893,10.182,0.2353,35.495,25.311999999999998,6.96,26.557,30.893,29.546999999999997,1.7142
1950,Apr,29.653000000000002,31.205,10.182,0.2588,34.795,24.611,6.89,0.0,31.205,29.546999999999997,0.0
1951,Apr,29.653000000000002,29.705,10.182,0.2823,34.795,24.611,6.93,49.034,29.705,29.546999999999997,1.6335
1952,Apr,30.553,30.694000000000003,10.182,0.0,35.694,25.511999999999997,6.96,2.593,30.694000000000003,29.546999999999997,1.0
1953,Apr,30.465,28.993000000000002,10.182,0.1188,35.606,25.423000000000002,6.94,15.561,28.993000000000002,29.546999999999997,1.0
1954,Apr,30.741999999999997,29.605,10.182,0.0,35.883,25.7,6.95,1.4409999999999998,29.605,29.724,1.1412
1955,Apr,29.653000000000002,31.929000000000002,10.182,0.3324,34.795,24.611,6.91,46.498999999999995,31.929000000000002,29.546999999999997,1.0141
1956,Apr,30.43,31.205,10.182,0.0,35.571,25.388,6.9,34.035,31.205,29.546999999999997,2.1606
1957,Apr,29.641,29.405,10.182,0.4153,34.783,24.6,6.91,0.0,29.405,29.523000000000003,0.0
1958,Apr,30.441,31.593000000000004,10.182,0.0,35.583,25.4,6.95,11.878,31.593000000000004,29.546999999999997,1.3024
1959,Apr,30.441,29.581999999999997,10.182,0.09,35.583,25.4,6.95,44.677,29.581999999999997,29.546999999999997,1.9301
1960,Apr,30.43,28.858,10.182,0.1988,35.571,25.388,6.96,2.512,28.858,29.546999999999997,1.0
1961,Apr,30.553,29.705,10.182,0.0,35.694,25.511999999999997,6.97,2.4530000000000003,29.705,29.546999999999997,0.9531
1962,Apr,30.353,32.781,10.182,0.2,35.495,25.311999999999998,6.9,29.188000000000002,32.781,29.546999999999997,1.3847
1963,Apr,29.253,29.594,10.182,0.5653,34.395,24.211,6.9,76.624,29.594,27.846999999999998,1.2907
1964,Apr,30.953000000000003,30.67,10.182,0.0,36.094,25.912,6.93,0.0,30.67,29.546999999999997,0.0
1965,Apr,29.265,30.294,10.182,0.4576,34.406,24.223000000000003,6.89,35.049,30.294,28.67,1.56
1966,Apr,30.441,28.993000000000002,10.182,0.0,35.583,25.4,6.96,1.859,28.993000000000002,29.546999999999997,0.9766
1967,Apr,30.453000000000003,26.17,10.182,0.09,35.595,25.410999999999998,7.01,5.541,26.17,29.546999999999997,1.32
1968,Apr,29.553,29.993000000000002,10.182,0.4653,34.694,24.511999999999997,6.91,50.005,29.993000000000002,29.459,2.5735
1969,Apr,30.741999999999997,28.993000000000002,10.182,0.0,35.883,25.7,6.99,0.0,28.993000000000002,29.546999999999997,0.0
1970,Apr,30.453000000000003,31.593000000000004,10.182,0.0059,35.595,25.410999999999998,6.93,5.012,31.593000000000004,29.546999999999997,1.0
1971,Apr,30.153000000000002,29.993000000000002,10.182,0.26,35.294000000000004,25.112,6.92,23.052,29.993000000000002,29.546999999999997,2.1312
1972,Apr,30.153000000000002,31.381999999999998,10.182,0.2276,35.294000000000004,25.112,6.9,2.506,31.381999999999998,29.923000000000002,1.0
1973,Apr,30.953000000000003,31.581,10.182,0.0,36.094,25.912,6.9,0.0,31.581,29.546999999999997,0.0
1974,Apr,30.654,30.37,10.182,0.1047,35.794000000000004,25.612,6.95,0.7759999999999999,30.37,29.546999999999997,0.7765
1975,Apr,30.553,29.705,10.182,0.0,35.694,25.511999999999997,6.95,0.0,29.705,29.546999999999997,0.0
1976,Apr,30.342,31.394000000000002,10.182,0.1712,35.483000000000004,25.3,6.87,0.0,31.394000000000002,29.546999999999997,0.0
1977,Apr,30.453000000000003,33.510999999999996,10.182,0.0259,35.595,25.410999999999998,6.89,10.135,33.510999999999996,29.546999999999997,1.6053
1978,Apr,30.453000000000003,31.405,10.182,0.0088,35.595,25.410999999999998,6.9,39.058,31.405,29.546999999999997,1.8482
1979,Apr,30.853,27.005,10.182,0.0,35.995,25.811999999999998,7.03,5.587999999999999,27.005,29.546999999999997,1.0
1980,Apr,30.741999999999997,31.14,10.182,0.0,35.883,25.7,6.91,0.9279999999999999,31.14,29.546999999999997,0.3068
1981,Apr,30.853,30.682,10.182,0.0,35.995,25.811999999999998,6.94,6.147,30.682,29.546999999999997,1.08
1982,Apr,30.753,30.294,10.182,0.0,35.895,25.711,6.96,10.3,30.294,29.546999999999997,1.0
1983,Apr,30.654,30.294,10.182,0.0,35.794000000000004,25.612,6.97,0.45899999999999996,30.294,29.546999999999997,0.4587
1984,Apr,30.264,30.294,10.182,0.2177,35.406,25.224,6.9,11.286,30.294,29.546999999999997,1.18
1985,Apr,31.165,30.294,10.182,0.0,36.306,26.123,6.97,26.791,30.294,30.135,1.3065
1986,Apr,30.053,29.905,10.182,0.1747,35.195,25.011,6.91,0.535,29.905,29.546999999999997,0.5352
1987,Apr,30.840999999999998,30.294,10.182,0.0,35.983000000000004,25.8,6.96,11.548,30.294,29.546999999999997,1.0389
1988,Apr,30.465,30.294,10.182,0.0,35.606,25.423000000000002,6.95,48.347,30.294,29.546999999999997,2.0965
1989,Apr,30.465,30.294,10.182,0.0,35.606,25.423000000000002,6.9,1.5230000000000001,30.294,29.546999999999997,1.0
1990,Apr,31.065,30.294,10.182,0.0,36.205999999999996,26.023000000000003,7.03,0.6409999999999999,30.294,29.546999999999997,0.6414
1991,Apr,31.153000000000002,30.294,10.182,0.0,36.295,26.111,6.97,0.9179999999999999,30.294,29.546999999999997,0.9179
1992,Apr,30.453000000000003,30.294,10.182,0.0,35.595,25.410999999999998,6.93,0.3,30.294,29.546999999999997,0.3
1993,Apr,30.565,30.294,10.182,0.01,35.705999999999996,25.524,6.95,0.8170000000000001,30.294,29.546999999999997,0.8179
1994,Apr,30.865,30.294,10.182,0.0177,36.006,25.824,6.94,1.97,30.294,29.546999999999997,1.0
1995,Apr,30.665,30.294,10.182,0.0,35.806,25.623,6.98,6.412999999999999,30.294,29.546999999999997,1.0
1996,Apr,30.665,32.582,10.182,0.0,35.806,25.623,6.87,33.661,32.582,29.546999999999997,1.8412
1997,Apr,30.365,26.105999999999998,10.182,0.053,35.507,25.323,7.02,23.28,26.105999999999998,29.546999999999997,1.5248
1998,Apr,31.065,24.783,10.182,0.0,36.205999999999996,26.023000000000003,7.08,10.866,24.783,29.546999999999997,1.05
1999,Apr,30.953000000000003,34.176,10.182,0.0,36.094,25.912,6.94,8.059,34.176,29.546999999999997,1.2459
2000,Apr,31.153000000000002,25.353,10.182,0.0,36.295,26.111,7.03,14.39,25.353,29.546999999999997,1.2788
2001,Apr,30.453000000000003,30.776,10.182,0.0,35.595,25.410999999999998,6.95,22.973000000000003,30.776,29.546999999999997,1.607
2002,Apr,30.953000000000003,23.441,10.182,0.0,36.094,25.912,7.06,0.28800000000000003,23.441,29.546999999999997,0.2883
1930,May,30.853,40.293,11.017000000000001,0.4758,36.406,25.388,7.22,131.533,40.293,29.247,4.5973
1931,May,31.965,37.894,11.017000000000001,0.1576,37.518,26.412,7.29,52.838,37.894,31.046999999999997,2.5448
1932,May,30.677,45.317,11.017000000000001,0.52,36.229,25.212,7.08,25.9,45.317,29.346999999999998,3.1825
1933,May,30.865,37.77,11.017000000000001,0.59,36.418,25.4,7.23,8.499,37.77,29.247,2.2895
1934,May,32.053000000000004,39.852,11.017000000000001,0.07,37.606,26.589000000000002,7.25,2.7230000000000003,39.852,31.046999999999997,1.0
1935,May,32.953,41.193999999999996,11.017000000000001,0.0,38.507,27.4,7.28,0.7120000000000001,41.193999999999996,31.046999999999997,0.7118
1936,May,31.565,42.394,11.017000000000001,0.2489,37.118,26.1,7.23,28.616,42.394,31.046999999999997,2.4747
1937,May,32.353,36.146,11.017000000000001,0.0312,37.906,26.888,7.3,11.082,36.146,31.046999999999997,1.2731
1938,May,33.141,39.57,11.017000000000001,0.0,38.694,27.677,7.32,25.855999999999998,39.57,31.046999999999997,1.8378
1939,May,32.63,40.293,11.017000000000001,0.0647,38.183,27.165,7.23,3.923,40.293,31.046999999999997,1.0
1940,May,31.965,40.293,11.017000000000001,0.1288,37.518,26.412,7.25,138.878,40.293,31.046999999999997,3.6214
1941,May,32.753,42.893,11.017000000000001,0.0088,38.218,27.2,7.24,13.690999999999999,42.893,31.046999999999997,2.263
1942,May,32.353,40.381,11.017000000000001,0.0747,37.906,26.888,7.24,8.359,40.381,31.046999999999997,1.3377
1943,May,31.165,41.193999999999996,11.017000000000001,0.6135,36.718,25.7,7.21,112.87700000000001,41.193999999999996,29.212,4.1402
1944,May,31.364,38.693000000000005,11.017000000000001,0.3135,36.918,25.9,7.25,4.018,38.693000000000005,31.046999999999997,1.1853
1945,May,32.041,39.605,11.017000000000001,0.0212,37.594,26.576999999999998,7.23,18.736,39.605,31.046999999999997,1.3147
1946,May,32.242,40.67,11.017000000000001,0.0977,37.705999999999996,26.688000000000002,7.25,47.523999999999994,40.67,31.046999999999997,2.5431
1947,May,31.653000000000002,38.805,11.017000000000001,0.15,37.205999999999996,26.189,7.25,21.151,38.805,31.046999999999997,1.9013
1948,May,32.653,37.993,11.017000000000001,0.0,38.205999999999996,27.188000000000002,7.26,16.848,37.993,31.046999999999997,2.0131
1949,May,30.677,40.393,11.017000000000001,0.4377,36.229,25.212,7.25,95.715,40.393,29.881999999999998,3.7636
1950,May,31.865,40.293,11.017000000000001,0.1576,37.418,26.4,7.23,71.102,40.293,31.046999999999997,3.2066
1951,May,31.865,38.329,11.017000000000001,0.26,37.418,26.4,7.26,57.716,38.329,31.046999999999997,3.1543
1952,May,31.565,40.146,11.017000000000001,0.1611,37.118,26.1,7.25,89.506,40.146,31.046999999999997,3.8431
1953,May,34.03,38.67,11.017000000000001,0.0,39.582,28.565,7.34,8.761000000000001,38.67,32.747,1.2659
1954,May,32.753,40.181999999999995,11.017000000000001,0.0,38.218,27.2,7.27,18.117,40.181999999999995,31.046999999999997,1.9131
1955,May,30.365,42.858000000000004,11.017000000000001,0.5835,35.918,24.9,7.16,176.74200000000002,42.858000000000004,29.259,4.8137
1956,May,32.429,43.07,11.017000000000001,0.1747,37.982,26.875999999999998,7.29,40.029,43.07,31.046999999999997,2.5537
1957,May,31.653000000000002,40.94,11.017000000000001,0.1547,37.205999999999996,26.189,7.24,21.248,40.94,31.046999999999997,1.6271
1958,May,31.541,43.005,11.017000000000001,0.2659,37.095,26.076,7.16,80.788,43.005,31.046999999999997,3.3336
1959,May,32.053000000000004,38.37,11.017000000000001,0.0523,37.606,26.589000000000002,7.33,65.14,38.37,31.046999999999997,2.7653
1960,May,32.141999999999996,43.105,11.017000000000001,0.2147,37.694,26.677,7.22,10.285,43.105,31.046999999999997,1.2294
1961,May,32.154,41.54,11.017000000000001,0.1824,37.705999999999996,26.688000000000002,7.27,37.305,41.54,31.046999999999997,2.4165
1962,May,31.065,42.394,11.017000000000001,0.3935,36.617,25.6,7.23,124.912,42.394,29.683000000000003,3.8778
1963,May,31.865,37.817,11.017000000000001,0.1077,37.418,26.4,7.26,12.457,37.817,31.046999999999997,2.0189
1964,May,33.83,38.681999999999995,11.017000000000001,0.0,39.383,28.364,7.35,2.6289999999999996,38.681999999999995,32.435,1.0
1965,May,32.441,39.306,11.017000000000001,0.0729,37.994,26.888,7.27,3.923,39.306,30.37,1.9547
1966,May,33.03,38.594,11.017000000000001,0.0,38.583,27.564,7.34,100.639,38.594,31.046999999999997,3.5578
1967,May,32.053000000000004,40.494,11.017000000000001,0.0035,37.606,26.589000000000002,7.27,102.109,40.494,31.046999999999997,2.4183
1968,May,32.041,38.594,11.017000000000001,0.02,37.594,26.576999999999998,7.25,33.04,38.594,31.046999999999997,1.0529
1969,May,32.154,40.47,11.017000000000001,0.0765,37.705999999999996,26.688000000000002,7.25,85.435,40.47,31.046999999999997,2.949
1970,May,32.453,42.394,11.017000000000001,0.0388,38.006,26.9,7.28,14.958,42.394,31.046999999999997,2.5779
1971,May,32.154,40.681,11.017000000000001,0.15,37.705999999999996,26.688000000000002,7.28,61.806999999999995,40.681,30.871,2.7848
1972,May,31.340999999999998,46.181999999999995,11.218,0.3982,36.995,25.776999999999997,7.17,79.675,46.181999999999995,29.910999999999998,3.9629
1973,May,33.205999999999996,39.27,11.017000000000001,0.0,38.671,27.653000000000002,7.33,11.722999999999999,39.27,31.489,1.5489
1974,May,31.565,41.193999999999996,11.017000000000001,0.1635,37.118,26.1,7.24,40.19,41.193999999999996,31.046999999999997,2.2777
1975,May,32.953,39.694,11.017000000000001,0.0,38.507,27.4,7.34,5.435,39.694,31.046999999999997,1.2601
1976,May,33.529,33.575,11.017000000000001,0.0,39.083,28.065,7.42,6.312,33.575,31.046999999999997,1.1947
1977,May,31.953000000000003,45.482,11.017000000000001,0.4488,37.506,26.4,7.2,40.348,45.482,29.406,3.3602
1978,May,32.653,41.193999999999996,11.017000000000001,0.0,38.205999999999996,27.188000000000002,7.27,14.536,41.193999999999996,31.046999999999997,1.0441
1979,May,31.776,40.516999999999996,11.017000000000001,0.2053,37.329,26.311999999999998,7.25,124.69,40.516999999999996,31.046999999999997,4.3232
1980,May,33.129,38.705,11.017000000000001,0.0,38.683,27.665,7.34,25.92,38.705,31.576999999999998,2.2613
1981,May,32.242,40.17,11.017000000000001,0.1082,37.705999999999996,26.688000000000002,7.27,73.02,40.17,31.046999999999997,2.6106
1982,May,32.065,40.293,11.017000000000001,0.01,37.618,26.6,7.27,11.654000000000002,40.293,31.046999999999997,1.8077
1983,May,32.565,40.293,11.017000000000001,0.0,38.117,27.1,7.26,53.434,40.293,31.046999999999997,2.6154
1984,May,32.741,39.694,11.017000000000001,0.0,38.205999999999996,27.188000000000002,7.28,1.151,39.694,32.312,0.4704
1985,May,32.753,39.793,11.017000000000001,0.0,38.218,27.2,7.33,4.981,39.793,31.046999999999997,1.0471
1986,May,32.942,39.705,11.017000000000001,0.0,38.495,27.388,7.3,5.035,39.705,31.081999999999997,1.3706
1987,May,31.865,40.293,11.017000000000001,0.0864,37.418,26.4,7.25,9.367,40.293,31.046999999999997,1.5642
1988,May,33.365,40.482,10.818,0.0,38.818000000000005,28.0,7.22,51.336999999999996,40.482,32.523,2.6714
1989,May,32.953,40.293,11.017000000000001,0.0,38.507,27.4,7.34,7.723,40.293,31.046999999999997,1.4212
1990,May,30.776999999999997,40.482,11.017000000000001,0.5253,36.33,25.311999999999998,7.24,61.131,40.482,30.081999999999997,4.5662
1991,May,32.665,40.293,11.017000000000001,0.0,38.218,27.2,7.34,5.071000000000001,40.293,31.136,1.3706
1992,May,32.353,40.293,11.017000000000001,0.01,37.906,26.888,7.25,33.191,40.293,31.046999999999997,2.6377
1993,May,32.453,40.293,11.017000000000001,0.1147,38.006,26.9,7.31,128.109,40.293,31.046999999999997,3.6826
1994,May,32.953,40.293,11.017000000000001,0.0,38.507,27.4,7.31,77.484,40.293,31.635,2.7307
1995,May,31.276,40.293,11.017000000000001,0.3488,36.83,25.811999999999998,7.23,55.398,40.293,30.118000000000002,2.9254
1996,May,33.654,37.552,11.017000000000001,0.0,39.205999999999996,28.188000000000002,7.39,32.284,37.552,32.247,2.0413
1997,May,32.765,42.398999999999994,11.017000000000001,0.0,38.23,27.211,7.24,6.292999999999999,42.398999999999994,31.046999999999997,1.3929
1998,May,33.165,42.176,11.017000000000001,0.0,38.718,27.7,7.24,47.153999999999996,42.176,32.236,2.5607
1999,May,31.865,42.54600000000001,11.017000000000001,0.2312,37.418,26.4,7.24,13.312000000000001,42.54600000000001,31.046999999999997,1.8366
2000,May,32.765,40.105,11.017000000000001,0.0,38.23,27.211,7.32,27.954,40.105,31.046999999999997,2.2654
2001,May,33.365,39.223,11.017000000000001,0.0,38.918,27.9,7.32,20.324,39.223,32.059,1.6318
2002,May,33.453,45.518,11.017000000000001,0.0,39.006,27.9,7.25,52.47,45.518,31.889,2.753
1930,Jun,30.712,62.653,10.3,0.0,35.911,25.612,6.63,78.335,62.653,27.871,5.3245
1931,Jun,32.4,60.353,10.3,0.0,37.6,27.3,6.8,76.184,60.353,28.346999999999998,3.8774
1932,Jun,32.277,67.065,10.3,0.0,37.477,27.176,6.62,37.381,67.065,28.447,2.2513
1933,Jun,32.0,62.653,10.3,0.0,37.2,26.9,6.69,14.345,62.653,27.871,2.7619
1934,Jun,31.511999999999997,62.653,10.3,0.0,36.711,26.412,6.71,80.904,62.653,28.346999999999998,4.5702
1935,Jun,32.288000000000004,63.06399999999999,10.3,0.0,37.489000000000004,27.188000000000002,6.76,34.33,63.06399999999999,28.346999999999998,3.1602
1936,Jun,31.212,62.32899999999999,10.3,0.0,36.412,26.111,6.69,59.295,62.32899999999999,28.259,2.9566
1937,Jun,32.688,64.153,10.3,0.0,37.889,27.588,6.76,47.297,64.153,28.346999999999998,2.7808
1938,Jun,30.824,63.14,10.3,0.0,36.024,25.723000000000003,6.7,71.623,63.14,27.394000000000002,4.1415
1939,Jun,32.476,61.74100000000001,10.3,0.0,37.676,27.377,6.78,24.314,61.74100000000001,28.435,2.4831
1940,Jun,31.8,63.441,10.3,0.0,37.0,26.7,6.7,41.816,63.441,28.346999999999998,4.2591
1941,Jun,32.1,65.04,10.3,0.0,37.3,27.0,6.68,58.537,65.04,28.247,3.2299
1942,Jun,32.3,62.253,10.3,0.0,37.5,27.2,6.75,62.647,62.253,28.247,3.6421
1943,Jun,31.410999999999998,66.111,10.3,0.0,36.611999999999995,26.311999999999998,6.64,41.31399999999999,66.111,27.871,3.4425
1944,Jun,31.511999999999997,61.552,10.3,0.0,36.711,26.412,6.75,95.45100000000001,61.552,28.247,4.2844
1945,Jun,32.589,59.44,10.3,0.0,37.788000000000004,27.488000000000003,6.82,14.9,59.44,28.247,2.0986
1946,Jun,31.311999999999998,65.44,10.3,0.0,36.512,26.212,6.67,49.676,65.44,28.159000000000002,2.6149
1947,Jun,32.589,60.441,10.3,0.0,37.788000000000004,27.488000000000003,6.79,49.113,60.441,28.624000000000002,3.2825
1948,Jun,32.977,62.452,10.3,0.0,38.176,27.875999999999998,6.79,18.064,62.452,28.846,3.0785
1949,Jun,30.424,63.8,10.3,0.0,35.624,25.323,6.64,107.251,63.8,27.394000000000002,5.1109
1950,Jun,32.189,63.353,10.3,0.0,37.388000000000005,27.088,6.73,35.924,63.353,28.346999999999998,2.6825
1951,Jun,31.9,60.353,10.3,0.0,37.1,26.8,6.77,37.244,60.353,28.435,3.609
1952,Jun,31.9,57.317,10.3,0.0,37.1,26.8,6.8,23.155,57.317,28.346999999999998,3.0402
1953,Jun,32.5,61.729,10.3,0.0,37.7,27.4,6.82,38.204,61.729,28.9,3.8654
1954,Jun,32.589,63.841,10.3,0.0,37.788000000000004,27.488000000000003,6.79,12.355,63.841,28.447,2.576
1955,Jun,30.8,73.053,10.3,0.0,36.0,25.7,6.5,40.232,73.053,28.235,1.7353
1956,Jun,30.4,72.917,10.3,0.0012,35.6,25.3,6.54,98.17399999999999,72.917,26.747,4.0648
1957,Jun,31.1,68.264,10.3,0.0,36.3,26.0,6.61,86.932,68.264,28.346999999999998,5.3486
1958,Jun,33.264,62.052,10.3,0.0,38.465,28.165,6.77,41.527,62.052,29.8,2.3978
1959,Jun,30.611,67.952,10.3,0.0,35.812,25.511999999999997,6.61,46.61,67.952,28.259,3.6409
1960,Jun,31.7,61.229,10.3,0.0,36.9,26.6,6.77,93.995,61.229,28.346999999999998,3.9466
1961,Jun,30.7,68.253,10.3,0.0,35.9,25.6,6.62,75.738,68.253,28.346999999999998,5.0532
1962,Jun,30.412,63.306000000000004,10.3,0.0,35.611999999999995,25.311999999999998,6.65,85.48700000000001,63.306000000000004,27.506,2.7561
1963,Jun,31.612,62.486999999999995,10.3,0.0,36.812,26.511,6.72,47.373999999999995,62.486999999999995,28.346999999999998,3.7567
1964,Jun,32.012,59.928999999999995,10.3,0.0,37.211999999999996,26.910999999999998,6.85,14.437000000000001,59.928999999999995,28.346999999999998,2.1531
1965,Jun,32.189,55.276,10.3,0.0,37.388000000000005,27.088,6.89,33.031,55.276,28.346999999999998,3.2984
1966,Jun,30.888,61.106,10.3,0.0,36.088,25.789,6.76,67.227,61.106,28.259,3.7896
1967,Jun,31.188000000000002,62.699,10.3,0.0,36.389,26.088,6.72,45.415,62.699,28.247,3.5197
1968,Jun,32.088,61.841,10.3,0.0,37.288000000000004,26.989,6.75,46.698,61.841,28.247,3.9661
1969,Jun,32.2,60.528999999999996,10.3,0.0,37.4,27.1,6.79,41.11600000000001,60.528999999999996,28.435,3.0661
1970,Jun,31.311999999999998,65.44,10.3,0.0,36.512,26.212,6.69,47.696000000000005,65.44,27.67,4.122
1971,Jun,30.511999999999997,66.464,10.3,0.01,35.711999999999996,25.410999999999998,6.62,39.156,66.464,27.070999999999998,3.1131
1972,Jun,32.177,60.24100000000001,10.3,0.0,37.376,27.076999999999998,6.77,73.289,60.24100000000001,28.435,4.1369
1973,Jun,31.9,66.241,10.3,0.0,37.1,26.8,6.68,15.09,66.241,28.247,3.8596
1974,Jun,31.688000000000002,57.376000000000005,10.3,0.0,36.888000000000005,26.589000000000002,6.82,87.738,57.376000000000005,28.346999999999998,3.612
1975,Jun,31.7,66.141,10.3,0.0,36.9,26.6,6.73,49.108999999999995,66.141,28.346999999999998,3.3355
1976,Jun,31.7,49.088,10.3,0.0,36.9,26.6,7.03,68.642,49.088,28.346999999999998,3.1997
1977,Jun,31.588,64.153,10.3,0.0,36.789,26.488000000000003,6.68,79.90100000000001,64.153,28.346999999999998,3.8437
1978,Jun,31.511999999999997,67.706,10.3,0.0,36.711,26.412,6.67,42.38399999999999,67.706,28.346999999999998,3.4308
1979,Jun,31.9,64.2,10.3,0.0,37.1,26.8,6.69,28.212,64.2,28.535999999999998,2.0396
1980,Jun,31.735,67.952,10.3,0.0,36.935,26.636,6.67,38.634,67.952,28.346999999999998,3.1909
1981,Jun,31.877,64.153,10.3,0.0,37.077,26.776,6.72,56.556999999999995,64.153,28.612,3.3114
1982,Jun,31.823,62.653,10.3,0.0,37.023,26.724,6.73,74.44800000000001,62.653,28.346999999999998,3.5526
1983,Jun,32.611999999999995,62.153,10.3,0.0,37.811,27.511999999999997,6.78,56.505,62.153,29.346999999999998,3.4013
1984,Jun,31.988000000000003,64.053,10.3,0.0,37.188,26.888,6.77,50.497,64.053,28.247,2.066
1985,Jun,31.311999999999998,62.653,10.3,0.0,36.512,26.212,6.77,54.993,62.653,28.346999999999998,3.6656
1986,Jun,32.2,62.653,10.3,0.0,37.4,27.1,6.74,20.531999999999996,62.653,28.346999999999998,2.9384
1987,Jun,32.5,62.06399999999999,10.3,0.0,37.7,27.4,6.73,73.447,62.06399999999999,29.023000000000003,3.855
1988,Jun,32.665,63.14,10.3,0.0,37.865,27.564,6.8,29.476999999999997,63.14,29.123,3.2072
1989,Jun,31.3,62.653,10.3,0.0,36.5,26.2,6.77,91.57700000000001,62.653,28.346999999999998,4.3656
1990,Jun,31.612,62.653,10.3,0.0,36.812,26.511,6.68,23.906999999999996,62.653,28.247,2.9489
1991,Jun,30.623,62.653,10.3,0.0,35.823,25.524,6.69,88.443,62.653,28.081999999999997,4.6744
1992,Jun,32.4,62.653,10.3,0.0,37.6,27.3,6.75,18.283,62.653,28.346999999999998,3.0731
1993,Jun,31.7,62.653,10.3,0.0,36.9,26.6,6.72,68.942,62.653,28.346999999999998,4.4067
1994,Jun,32.312,62.653,10.3,0.0,37.512,27.211,6.78,39.444,62.653,28.247,3.0026
1995,Jun,32.4,62.653,10.3,0.0,37.6,27.3,6.75,26.284000000000002,62.653,29.2,2.7237
1996,Jun,30.888,65.08800000000001,10.3,0.0,36.088,25.789,6.7,157.982,65.08800000000001,27.724,7.2328
1997,Jun,32.211999999999996,60.924,10.3,0.0,37.411,27.112,6.77,72.541,60.924,29.447,3.682
1998,Jun,33.3,67.935,10.3,0.0,38.5,28.2,6.71,22.406999999999996,67.935,30.046999999999997,2.499
1999,Jun,31.5,62.012,10.3,0.0,36.7,26.4,6.76,84.009,62.012,28.346999999999998,3.8368
2000,Jun,31.323,79.065,10.3,0.0,36.524,26.224,6.45,77.208,79.065,27.859,4.2615
2001,Jun,31.988000000000003,74.241,10.3,0.0,37.188,26.888,6.55,62.783,74.241,28.346999999999998,4.5449
2002,Jun,31.912,66.32300000000001,10.3,0.0,37.111999999999995,26.811999999999998,6.67,16.879,66.32300000000001,28.247,2.7649
1930,Jul,31.311999999999998,76.3,9.712,0.0,36.211999999999996,26.5,6.27,44.955,76.3,27.635,4.7902
1931,Jul,30.311,73.112,9.712,0.0,35.211,25.5,6.33,155.375,73.112,27.635,5.8598
1932,Jul,30.912,80.447,9.712,0.0,35.812,26.1,6.24,46.203,80.447,27.635,4.992
1933,Jul,31.011,75.1,9.712,0.0,35.823,26.111,6.33,34.35,75.1,27.371,5.3115
1934,Jul,30.611,74.3,9.712,0.0,35.510999999999996,25.8,6.31,60.446999999999996,74.3,27.635,5.7066
1935,Jul,31.011,75.712,9.712,0.0,35.823,26.111,6.33,75.263,75.712,27.635,5.3945
1936,Jul,30.523000000000003,75.1,9.712,0.0,35.335,25.623,6.28,116.365,75.1,27.635,6.1462
1937,Jul,30.311,77.836,9.712,0.0,35.211,25.5,6.27,70.575,77.836,27.635,4.7301
1938,Jul,30.712,77.7,9.712,0.0,35.611999999999995,25.811999999999998,6.26,81.027,77.7,27.371,4.8038
1939,Jul,30.912,75.8,9.712,0.0,35.812,26.1,6.29,26.998,75.8,27.635,3.6284
1940,Jul,30.824,80.223,9.712,0.0,35.724000000000004,26.011999999999997,6.2,89.35700000000001,80.223,27.546999999999997,4.9925
1941,Jul,31.9,76.3,9.712,0.0,36.8,27.088,6.3,64.923,76.3,28.323,5.4366
1942,Jul,31.224,77.4,9.712,0.0,36.124,26.324,6.33,27.579,77.4,27.635,4.0119
1943,Jul,30.135,77.7,9.712,0.0,35.035,25.323,6.22,99.711,77.7,27.635,4.2879
1944,Jul,29.747,76.112,9.712,0.0,34.647,24.846999999999998,6.26,131.471,76.112,27.546999999999997,7.3098
1945,Jul,30.335,75.811,9.712,0.0,35.235,25.524,6.29,84.51299999999999,75.811,27.635,5.568
1946,Jul,30.824,76.476,9.712,0.0,35.724000000000004,26.011999999999997,6.27,61.806999999999995,76.476,27.635,5.6136
1947,Jul,30.323,78.22399999999999,9.712,0.0,35.223,25.511999999999997,6.27,139.10299999999998,78.22399999999999,27.546999999999997,7.8603
1948,Jul,30.724,75.512,9.712,0.0,35.624,25.824,6.35,73.08,75.512,27.635,5.0119
1949,Jul,29.535,77.623,9.712,0.0,34.347,24.635,6.18,144.627,77.623,27.635,8.7814
1950,Jul,30.311,77.92399999999999,9.712,0.0,35.211,25.5,6.27,50.812,77.92399999999999,27.635,5.6173
1951,Jul,30.311,74.723,9.712,0.0,35.211,25.5,6.28,85.079,74.723,27.635,6.5732
1952,Jul,31.011,73.035,9.712,0.0,35.823,26.111,6.35,56.123999999999995,73.035,27.912,4.5222
1953,Jul,30.824,75.1,9.712,0.0,35.724000000000004,26.011999999999997,6.3,104.443,75.1,27.635,5.902
1954,Jul,29.335,75.312,9.712,0.0,34.235,24.523000000000003,6.28,235.34900000000002,75.312,27.635,8.4108
1955,Jul,29.423000000000002,78.9,9.712,0.0,34.323,24.523000000000003,6.22,81.814,78.9,27.635,6.4943
1956,Jul,29.123,80.2,9.712,0.01,34.023,24.311999999999998,6.12,89.88,80.2,26.236,5.9432
1957,Jul,29.624000000000002,82.7,9.712,0.0,34.524,24.811999999999998,6.13,82.1,82.7,27.635,5.8496
1958,Jul,30.8,80.5,9.712,0.0,35.7,25.988000000000003,6.28,32.045,80.5,27.635,4.4027
1959,Jul,29.624000000000002,79.712,9.712,0.0,34.524,24.811999999999998,6.12,63.828,79.712,27.635,4.9202
1960,Jul,30.024,78.723,9.712,0.0,34.835,25.124000000000002,6.18,103.054,78.723,27.635,6.8408
1961,Jul,29.335,82.7,9.712,0.0,34.235,24.523000000000003,6.1,168.125,82.7,27.247,6.9319
1962,Jul,29.923000000000002,78.2,9.712,0.0,34.823,25.023000000000003,6.22,92.287,78.2,27.635,4.7773
1963,Jul,30.523000000000003,75.212,9.712,0.0,35.335,25.623,6.3,63.193000000000005,75.212,27.635,6.2613
1964,Jul,30.311,76.91199999999999,9.712,0.0,35.211,25.5,6.27,157.67700000000002,76.91199999999999,27.635,8.2367
1965,Jul,30.311,70.765,9.712,0.0,35.211,25.5,6.41,109.95299999999999,70.765,27.635,5.7237
1966,Jul,30.3,77.32300000000001,9.712,0.0,35.2,25.489,6.23,104.76299999999999,77.32300000000001,27.635,6.0055
1967,Jul,29.823,75.388,9.712,0.0,34.723,25.011,6.27,105.22,75.388,27.635,6.4673
1968,Jul,31.1,77.971,9.712,0.0,36.0,26.288,6.24,39.919000000000004,77.971,27.635,5.0431
1969,Jul,30.323,75.1,9.712,0.0,35.223,25.511999999999997,6.29,110.022,75.1,27.635,6.1015
1970,Jul,29.835,75.1,9.712,0.0,34.735,25.023000000000003,6.28,178.39700000000002,75.1,27.635,5.5062
1971,Jul,29.9,72.417,9.712,0.0,34.8,25.0,6.33,112.67299999999999,72.417,27.635,5.6443
1972,Jul,30.736,76.053,9.712,0.0,35.635999999999996,25.836,6.29,63.551,76.053,27.724,5.186
1973,Jul,31.311999999999998,78.241,9.712,0.0,36.211999999999996,26.5,6.31,79.668,78.241,28.171,4.9726
1974,Jul,29.910999999999998,75.1,9.712,0.0,34.811,25.011,6.3,128.226,75.1,27.635,5.416
1975,Jul,29.123,78.189,9.712,0.01,34.023,24.311999999999998,6.18,176.877,78.189,27.635,7.902
1976,Jul,29.647,73.176,9.712,0.0,34.547,24.835,6.33,188.72,73.176,27.635,7.582000000000001
1977,Jul,30.8,79.265,9.712,0.0,35.7,25.988000000000003,6.24,74.59899999999999,79.265,27.635,5.051
1978,Jul,30.011999999999997,79.277,9.712,0.0,34.823,25.112,6.19,94.506,79.277,27.635,6.8267
1979,Jul,30.724,75.64699999999999,9.712,0.0,35.624,25.824,6.3,99.295,75.64699999999999,27.635,4.8567
1980,Jul,30.724,75.265,9.712,0.0,35.624,25.824,6.34,74.78,75.265,27.635,5.812
1981,Jul,30.311,76.3,9.712,0.0,35.211,25.5,6.28,185.113,76.3,27.635,7.5455
1982,Jul,30.623,76.3,9.712,0.0,35.523,25.811999999999998,6.27,123.28,76.3,27.635,5.1261
1983,Jul,30.835,75.8,9.712,0.0,35.735,26.023000000000003,6.34,94.602,75.8,27.635,7.5238
1984,Jul,29.135,76.3,9.712,0.0,34.035,24.324,6.19,177.82299999999998,76.3,27.635,8.3842
1985,Jul,29.335,76.3,9.712,0.0,34.235,24.523000000000003,6.21,185.641,76.3,27.635,7.4312
1986,Jul,31.712,75.8,9.712,0.0,36.611999999999995,26.811999999999998,6.36,47.592,75.8,29.3,3.5901
1987,Jul,31.612,76.3,9.712,0.0,36.512,26.8,6.35,44.168,76.3,28.624000000000002,3.6861
1988,Jul,30.311,76.3,9.712,0.0,35.211,25.5,6.3,125.84100000000001,76.3,27.635,7.3473
1989,Jul,29.335,76.3,9.712,0.0,34.235,24.523000000000003,6.18,138.57399999999998,76.3,27.635,8.3843
1990,Jul,30.511999999999997,76.3,9.712,0.0,35.324,25.612,6.27,62.758,76.3,27.635,4.2066
1991,Jul,30.846999999999998,76.3,9.712,0.0,35.747,26.035,6.26,78.15100000000001,76.3,27.871,5.1749
1992,Jul,31.124000000000002,76.3,9.712,0.0,36.024,26.311999999999998,6.31,80.543,76.3,27.724,5.5696
1993,Jul,30.935,76.3,9.712,0.0,35.835,26.123,6.29,84.34100000000001,76.3,27.635,5.2178
1994,Jul,30.435,76.3,9.712,0.0,35.335,25.535,6.31,66.058,76.3,27.635,5.3420000000000005
1995,Jul,30.311,76.3,9.712,0.0,35.211,25.5,6.29,120.604,76.3,27.635,6.2732
1996,Jul,30.323,80.065,9.712,0.0,35.223,25.511999999999997,6.17,67.90100000000001,80.065,27.635,5.1842
1997,Jul,31.624000000000002,78.35300000000001,9.712,0.0,36.524,26.811999999999998,6.27,38.536,78.35300000000001,29.335,5.4183
1998,Jul,31.023000000000003,74.165,9.712,0.0,35.835,26.123,6.37,105.531,74.165,27.635,6.4884
1999,Jul,29.346999999999998,71.477,9.712,0.0,34.247,24.535,6.29,46.052,71.477,27.635,4.0849
2000,Jul,30.135,76.642,9.712,0.0,35.035,25.323,6.25,108.573,76.642,27.635,5.8684
2001,Jul,31.410999999999998,74.6,9.712,0.0,36.311,26.6,6.34,105.955,74.6,28.346999999999998,6.6896
2002,Jul,32.012,66.435,9.712,0.0,36.824,27.112,6.51,49.998000000000005,66.435,29.335,4.0185
1930,Aug,30.188000000000002,67.652,9.412,0.0,34.889,25.476999999999997,6.29,82.852,67.652,28.159000000000002,3.3369
1931,Aug,30.088,67.952,9.412,0.0,34.8,25.388,6.25,85.916,67.952,28.159000000000002,5.3855
1932,Aug,29.388,68.86399999999999,9.412,0.0,34.1,24.689,6.21,63.556000000000004,68.86399999999999,27.447,5.7885
1933,Aug,29.7,66.464,9.412,0.0,34.411,25.0,6.27,131.141,66.464,28.07,7.0202
1934,Aug,29.6,65.676,9.412,0.0,34.3,24.888,6.26,132.96,65.676,28.159000000000002,6.1418
1935,Aug,29.4,66.653,9.412,0.0,34.111999999999995,24.7,6.27,274.895,66.653,28.159000000000002,6.7391
1936,Aug,29.712,66.753,9.412,0.0,34.423,25.011,6.25,133.292,66.753,28.159000000000002,5.4319
1937,Aug,29.8,64.553,9.412,0.0,34.512,25.1,6.28,151.941,64.553,28.159000000000002,5.7378
1938,Aug,29.6,66.265,9.412,0.0,34.3,24.888,6.28,136.268,66.265,28.159000000000002,7.6403
1939,Aug,30.976,66.464,9.412,0.0,35.688,26.276999999999997,6.32,19.177,66.464,28.87,3.853
1940,Aug,30.288,68.86399999999999,9.412,0.0,35.0,25.588,6.24,106.404,68.86399999999999,28.07,4.4159
1941,Aug,31.276,67.652,9.412,0.0,35.977,26.565,6.34,54.621,67.652,29.236,5.0154
1942,Aug,29.9,66.764,9.412,0.0,34.611999999999995,25.2,6.27,148.162,66.764,28.159000000000002,7.5026
1943,Aug,29.6,65.452,9.412,0.0,34.3,24.888,6.27,129.537,65.452,28.159000000000002,7.0578
1944,Aug,29.7,64.429,9.412,0.0,34.411,25.0,6.28,162.332,64.429,28.07,6.4473
1945,Aug,29.8,66.12899999999999,9.412,0.0,34.512,25.1,6.28,180.11900000000003,66.12899999999999,28.07,7.0914
1946,Aug,29.6,70.065,9.412,0.0,34.3,24.888,6.22,141.717,70.065,28.159000000000002,6.1202
1947,Aug,29.412,67.176,9.412,0.0,34.124,24.712,6.25,82.994,67.176,28.159000000000002,6.919
1948,Aug,29.9,65.653,9.412,0.0,34.611999999999995,25.2,6.29,79.12100000000001,65.653,28.159000000000002,6.5496
1949,Aug,29.212,67.652,9.412,0.0,33.923,24.511999999999997,6.21,174.90099999999998,67.652,28.159000000000002,8.011000000000001
1950,Aug,29.288,65.906,9.412,0.0,34.0,24.588,6.27,164.68900000000002,65.906,28.159000000000002,6.2589999999999995
1951,Aug,30.3,67.264,9.412,0.0,35.012,25.6,6.27,151.237,67.264,28.159000000000002,5.2565
1952,Aug,29.888,67.12899999999999,9.412,0.0,34.6,25.188000000000002,6.25,142.341,67.12899999999999,28.159000000000002,6.8561
1953,Aug,30.788,66.265,9.412,0.0,35.5,26.088,6.32,71.531,66.265,28.159000000000002,5.819
1954,Aug,29.0,66.265,9.412,0.0,33.711999999999996,24.3,6.2,83.583,66.265,28.159000000000002,6.3929
1955,Aug,28.112,68.86399999999999,9.412,0.01,32.823,23.412,6.13,197.118,68.86399999999999,26.459,7.3509
1956,Aug,29.011999999999997,68.86399999999999,9.412,0.0,33.711999999999996,24.3,6.18,177.516,68.86399999999999,28.159000000000002,6.5849
1957,Aug,28.688000000000002,70.065,9.412,0.0,33.389,23.976999999999997,6.12,132.752,70.065,28.159000000000002,5.4087
1958,Aug,28.976999999999997,70.065,9.412,0.0,33.689,24.276999999999997,6.15,181.377,70.065,28.159000000000002,8.7793
1959,Aug,30.2,68.253,9.412,0.0,34.912,25.5,6.22,74.91199999999999,68.253,28.159000000000002,6.1832
1960,Aug,30.875999999999998,67.352,9.412,0.0,35.589,26.177,6.3,75.956,67.352,29.135,3.2882
1961,Aug,28.712,68.86399999999999,9.312000000000001,0.0,33.412,24.1,6.13,241.576,68.86399999999999,28.159000000000002,8.5161
1962,Aug,29.1,70.065,9.412,0.0,33.8,24.388,6.16,243.571,70.065,28.07,8.1627
1963,Aug,29.311999999999998,67.176,9.412,0.0,34.023,24.611,6.23,145.136,67.176,28.159000000000002,8.2375
1964,Aug,29.2,67.652,9.412,0.0,33.912,24.5,6.23,163.52200000000002,67.652,28.159000000000002,6.2896
1965,Aug,28.511999999999997,66.476,9.412,0.0,33.211999999999996,23.8,6.2,228.59099999999998,66.476,27.935,8.3603
1966,Aug,29.589000000000002,66.265,9.412,0.0,34.3,24.888,6.27,203.662,66.265,28.159000000000002,8.0384
1967,Aug,28.712,67.84100000000001,9.412,0.0,33.424,24.011999999999997,6.18,292.125,67.84100000000001,28.159000000000002,6.8421
1968,Aug,31.265,66.265,9.412,0.0,35.977,26.565,6.34,39.534,66.265,29.236,2.8404
1969,Aug,29.888,66.964,9.412,0.0,34.6,25.188000000000002,6.23,138.097,66.964,28.159000000000002,6.3932
1970,Aug,28.624000000000002,68.77600000000001,9.412,0.0,33.335,23.923000000000002,6.16,198.78799999999998,68.77600000000001,28.159000000000002,7.2056
1971,Aug,29.2,66.265,9.412,0.0,33.912,24.5,6.23,87.774,66.265,28.159000000000002,6.0661
1972,Aug,30.976,62.653,9.412,0.0,35.688,26.276999999999997,6.36,113.066,62.653,29.212,5.2377
1973,Aug,28.823,71.965,9.412,0.0,33.535,24.123,6.14,249.64700000000002,71.965,28.159000000000002,7.6443
1974,Aug,29.6,67.27600000000001,9.412,0.0,34.3,24.888,6.24,96.977,67.27600000000001,28.159000000000002,4.4036
1975,Aug,29.4,70.065,9.412,0.0,34.111999999999995,24.7,6.18,182.396,70.065,28.159000000000002,7.1538
1976,Aug,28.588,65.876,9.412,0.0,33.3,23.888,6.19,364.62699999999995,65.876,27.546999999999997,7.7397
1977,Aug,29.2,68.429,9.412,0.0,33.912,24.5,6.2,186.657,68.429,28.159000000000002,8.252
1978,Aug,29.788,70.553,9.412,0.0,34.5,25.089000000000002,6.18,135.347,70.553,28.159000000000002,6.1176
1979,Aug,30.8,66.476,9.412,0.0,35.510999999999996,26.1,6.33,82.494,66.476,29.835,4.9343
1980,Aug,29.4,66.84100000000001,9.412,0.0,34.111999999999995,24.7,6.22,148.362,66.84100000000001,28.159000000000002,7.1932
1981,Aug,29.3,67.652,9.412,0.0,34.010999999999996,24.6,6.24,185.36599999999999,67.652,28.159000000000002,7.3338
1982,Aug,30.223000000000003,67.652,9.412,0.0,34.936,25.524,6.25,107.61,67.652,28.329,4.4726
1983,Aug,29.511,67.652,9.412,0.0,34.211999999999996,24.8,6.27,194.808,67.652,28.159000000000002,8.7845
1984,Aug,30.588,67.652,9.412,0.0,35.3,25.888,6.24,43.168,67.652,28.07,4.2805
1985,Aug,29.412,67.652,9.512,0.0,34.211999999999996,24.7,6.23,141.94,67.652,28.159000000000002,8.2578
1986,Aug,30.389,67.27600000000001,9.412,0.0,35.1,25.688000000000002,6.28,57.56100000000001,67.27600000000001,28.07,5.5967
1987,Aug,30.024,67.652,9.412,0.0,34.735,25.323,6.26,124.63600000000001,67.652,28.183000000000003,6.0344
1988,Aug,29.311999999999998,67.652,9.412,0.0,34.023,24.611,6.23,358.046,67.652,28.159000000000002,10.3796
1989,Aug,30.412,67.652,9.412,0.0,35.123000000000005,25.711,6.24,55.826,67.652,28.982,4.1773
1990,Aug,29.888,67.652,9.412,0.0,34.6,25.188000000000002,6.24,94.741,67.652,28.07,6.5927
1991,Aug,30.011999999999997,67.652,9.412,0.0,34.711999999999996,25.3,6.24,116.48700000000001,67.652,28.159000000000002,6.4114
1992,Aug,30.011999999999997,67.652,9.412,0.0,34.711999999999996,25.3,6.27,135.651,67.652,28.159000000000002,7.2755
1993,Aug,29.910999999999998,67.652,9.412,0.0,34.624,25.212,6.25,229.481,67.652,28.159000000000002,7.8962
1994,Aug,29.910999999999998,67.652,9.412,0.0,34.624,25.212,6.22,151.224,67.652,28.159000000000002,5.9686
1995,Aug,29.6,67.652,9.412,0.0,34.3,24.888,6.22,372.275,67.652,28.159000000000002,9.3769
1996,Aug,30.088,67.706,9.412,0.0,34.8,25.388,6.27,85.77,67.706,28.159000000000002,6.3437
1997,Aug,30.6,70.47,9.412,0.0,35.3,25.888,6.24,91.676,70.47,28.159000000000002,6.4131
1998,Aug,29.811999999999998,71.959,9.412,0.0,34.524,25.112,6.17,153.259,71.959,28.07,7.4516
1999,Aug,30.011999999999997,67.347,9.412,0.0,34.711999999999996,25.3,6.22,187.89700000000002,67.347,28.159000000000002,7.0655
2000,Aug,29.612,63.187,9.412,0.0,34.323,24.912,6.29,123.98,63.187,28.159000000000002,7.6186
2001,Aug,30.3,67.829,9.412,0.0,35.012,25.6,6.27,70.783,67.829,28.159000000000002,5.3562
2002,Aug,30.288,76.112,9.412,0.0,35.0,25.588,6.12,160.659,76.112,28.159000000000002,6.4409
1930,Sep,29.177,58.941,9.377,0.0,33.865,24.488000000000003,6.2,104.846,58.941,29.046999999999997,5.3014
1931,Sep,29.088,56.629,9.377,0.0,33.777,24.4,6.19,186.149,56.629,29.046999999999997,6.4491
1932,Sep,29.388,61.141000000000005,9.377,0.0,34.077,24.7,6.13,122.713,61.141000000000005,29.046999999999997,4.5606
1933,Sep,29.776,58.941,9.377,0.0,34.465,25.089000000000002,6.2,32.078,58.941,29.046999999999997,4.3295
1934,Sep,29.776,56.629,9.377,0.0,34.465,25.089000000000002,6.23,43.335,56.629,29.046999999999997,2.342
1935,Sep,29.088,58.941,9.377,0.0,33.777,24.4,6.15,99.177,58.941,29.046999999999997,4.8336
1936,Sep,29.488000000000003,57.93,9.377,0.0,34.177,24.8,6.18,89.09,57.93,29.046999999999997,6.6719
1937,Sep,29.677,55.528999999999996,9.377,0.0,34.364000000000004,24.988000000000003,6.26,139.05,55.528999999999996,29.046999999999997,5.7379
1938,Sep,28.889,58.941,9.377,0.0,33.576,24.2,6.12,228.774,58.941,29.046999999999997,7.8164
1939,Sep,29.677,57.74100000000001,9.377,0.0,34.364000000000004,24.988000000000003,6.23,152.279,57.74100000000001,29.046999999999997,6.9025
1940,Sep,29.7,58.941,9.377,0.0,34.388000000000005,25.011,6.2,95.84100000000001,58.941,29.046999999999997,6.5149
1941,Sep,29.189,61.141000000000005,9.377,0.0,33.876,24.5,6.16,228.942,61.141000000000005,29.046999999999997,7.4013
1942,Sep,29.875999999999998,57.953,9.377,0.0,34.565,25.188000000000002,6.21,82.59700000000001,57.953,29.046999999999997,7.6547
1943,Sep,29.0,59.44,9.377,0.0,33.689,24.311999999999998,6.18,82.765,59.44,29.046999999999997,5.6249
1944,Sep,28.9,56.32899999999999,9.377,0.0,33.588,24.211,6.19,151.281,56.32899999999999,29.046999999999997,6.4409
1945,Sep,28.6,57.24100000000001,9.377,0.0,33.288000000000004,23.910999999999998,6.17,180.265,57.24100000000001,29.046999999999997,5.4208
1946,Sep,28.6,59.941,9.377,0.0,33.288000000000004,23.910999999999998,6.11,187.27700000000002,59.941,29.046999999999997,5.8983
1947,Sep,28.588,59.153,9.377,0.0,33.275999999999996,23.9,6.14,150.726,59.153,29.046999999999997,7.5213
1948,Sep,29.4,58.941,9.377,0.0,34.089,24.712,6.17,160.43,58.941,29.046999999999997,7.0802
1949,Sep,28.4,58.941,9.377,0.0,33.088,23.712,6.09,195.958,58.941,29.046999999999997,5.478
1950,Sep,28.5,59.941,9.377,0.0,33.188,23.811999999999998,6.11,153.205,59.941,29.046999999999997,6.2721
1951,Sep,29.288,57.353,9.377,0.0,33.976,24.6,6.19,83.068,57.353,29.046999999999997,5.5443
1952,Sep,30.076999999999998,55.365,9.377,0.0,34.764,25.388,6.26,27.168000000000003,55.365,29.046999999999997,2.8636
1953,Sep,29.189,56.528999999999996,9.377,0.0,33.876,24.5,6.24,119.375,56.528999999999996,29.046999999999997,6.0324
1954,Sep,29.189,58.894,9.377,0.0,33.876,24.5,6.15,73.707,58.894,29.046999999999997,5.2596
1955,Sep,28.576999999999998,59.941,9.377,0.0,33.264,23.888,6.07,152.93,59.941,29.046999999999997,5.6072
1956,Sep,28.476999999999997,61.33,9.377,0.0,33.165,23.788,6.09,222.72299999999998,61.33,29.046999999999997,7.6803
1957,Sep,29.276999999999997,58.353,9.377,0.0,33.964,24.588,6.15,100.91,58.353,29.046999999999997,5.2396
1958,Sep,30.065,59.83,9.377,0.0,34.753,25.375999999999998,6.16,48.597,59.83,29.046999999999997,5.3119
1959,Sep,29.488000000000003,60.717,9.377,0.0,34.177,24.8,6.15,103.311,60.717,29.046999999999997,5.1113
1960,Sep,28.588,61.141000000000005,9.377,0.0,33.275999999999996,23.9,6.12,205.78,61.141000000000005,29.046999999999997,9.0035
1961,Sep,28.6,59.417,9.377,0.0,33.288000000000004,23.910999999999998,6.1,196.308,59.417,29.046999999999997,6.6108
1962,Sep,28.8,60.505,9.377,0.0,33.488,24.112,6.12,137.995,60.505,29.046999999999997,6.6714
1963,Sep,29.3,57.163999999999994,9.377,0.0,33.988,24.611,6.17,132.10399999999998,57.163999999999994,29.046999999999997,5.9924
1964,Sep,28.612,59.729,9.377,0.0,33.3,23.923000000000002,6.09,122.68299999999999,59.729,29.046999999999997,7.8216
1965,Sep,29.388,57.353,9.377,0.0,34.077,24.7,6.15,104.59,57.353,29.046999999999997,6.9407
1966,Sep,28.588,57.265,9.377,0.0,33.275999999999996,23.9,6.17,232.46900000000002,57.265,29.046999999999997,7.2161
1967,Sep,29.088,58.928999999999995,9.377,0.0,33.777,24.4,6.15,61.305,58.928999999999995,29.046999999999997,5.0497
1968,Sep,29.276999999999997,57.864,9.377,0.0,33.964,24.588,6.23,98.738,57.864,29.046999999999997,6.0331
1969,Sep,30.088,58.794,9.377,0.0,34.775999999999996,25.4,6.21,33.856,58.794,29.759,2.3313
1970,Sep,28.988000000000003,59.32899999999999,9.377,0.0,33.677,24.3,6.12,114.306,59.32899999999999,29.046999999999997,5.7526
1971,Sep,29.076,59.941,9.377,0.0,33.765,24.388,6.13,132.99,59.941,28.758000000000003,5.8594
1972,Sep,30.165,56.763999999999996,9.377,0.0,34.853,25.476999999999997,6.28,78.672,56.763999999999996,29.224,5.7613
1973,Sep,29.388,59.417,9.377,0.0,34.077,24.7,6.13,174.17700000000002,59.417,29.046999999999997,7.7308
1974,Sep,28.688000000000002,60.928999999999995,9.377,0.0,33.376999999999995,24.0,6.1,190.502,60.928999999999995,29.046999999999997,7.8667
1975,Sep,28.089000000000002,62.37,9.377,0.0088,32.775999999999996,23.4,6.05,193.34599999999998,62.37,27.871,6.3526
1976,Sep,29.488000000000003,56.423,9.377,0.0,34.177,24.8,6.19,56.695,56.423,29.046999999999997,3.72
1977,Sep,29.589000000000002,57.93,9.377,0.0,34.275999999999996,24.9,6.2,114.93299999999999,57.93,29.046999999999997,3.833
1978,Sep,29.189,58.928999999999995,9.377,0.0,33.876,24.5,6.15,288.843,58.928999999999995,29.046999999999997,7.7425
1979,Sep,28.764,61.964,9.377,0.0,33.453,24.076999999999998,6.11,164.229,61.964,28.811,7.4614
1980,Sep,30.053,57.841,9.377,0.0,34.741,25.364,6.2,60.747,57.841,29.046999999999997,4.6896
1981,Sep,28.5,58.941,9.377,0.0,33.188,23.811999999999998,6.12,196.56799999999998,58.941,28.235,7.4944
1982,Sep,29.8,58.941,9.377,0.0,34.489000000000004,25.112,6.18,97.39,58.941,29.046999999999997,5.7866
1983,Sep,28.323,58.941,9.377,0.0,33.012,23.636,6.11,254.248,58.941,29.046999999999997,8.2298
1984,Sep,29.076,58.941,9.377,0.0,33.765,24.388,6.18,239.775,58.941,29.046999999999997,7.3502
1985,Sep,28.889,58.941,9.377,0.0,33.576,24.2,6.14,330.309,58.941,29.4,8.5779
1986,Sep,30.176,58.941,9.377,0.0,34.865,25.489,6.22,103.09299999999999,58.941,30.124000000000002,6.0319
1987,Sep,30.377,58.941,9.377,0.0,35.065,25.688000000000002,6.2,36.684,58.941,30.846999999999998,4.373
1988,Sep,28.912,58.941,9.377,0.0,33.6,24.223000000000003,6.11,203.903,58.941,29.046999999999997,8.8866
1989,Sep,29.3,58.941,9.377,0.0,33.988,24.611,6.17,241.578,58.941,29.046999999999997,8.0625
1990,Sep,29.688000000000002,58.941,9.377,0.0,34.376,25.0,6.19,212.795,58.941,29.046999999999997,6.6413
1991,Sep,30.0,58.941,9.377,0.0,34.688,25.311999999999998,6.19,122.46,58.941,29.224,6.059
1992,Sep,29.688000000000002,58.941,9.377,0.0,34.376,25.0,6.18,65.956,58.941,29.046999999999997,5.4448
1993,Sep,29.589000000000002,58.941,9.377,0.0,34.275999999999996,24.9,6.18,64.293,58.941,29.046999999999997,4.7685
1994,Sep,30.2,58.941,9.377,0.0,34.889,25.511999999999997,6.2,49.261,58.941,30.235,5.0936
1995,Sep,29.6,58.941,9.377,0.0,34.288000000000004,24.912,6.16,223.90900000000002,58.941,29.046999999999997,7.0085
1996,Sep,28.988000000000003,65.553,9.377,0.0,33.677,24.3,6.04,218.46,65.553,29.046999999999997,7.3326
1997,Sep,29.788,57.452,9.377,0.0,34.477,25.1,6.23,79.875,57.452,29.046999999999997,5.2242
1998,Sep,29.888,64.053,9.377,0.0,34.577,25.2,6.09,64.596,64.053,29.046999999999997,5.3020000000000005
1999,Sep,29.4,54.082,9.377,0.0,34.089,24.712,6.26,120.96700000000001,54.082,29.046999999999997,5.8096
2000,Sep,29.688000000000002,52.788000000000004,9.377,0.0,34.376,25.0,6.29,184.917,52.788000000000004,29.046999999999997,6.0225
2001,Sep,29.888,61.683,9.377,0.0,34.577,25.2,6.17,156.514,61.683,29.423000000000002,6.0537
2002,Sep,30.576,53.181999999999995,9.377,0.0,35.265,25.888,6.32,123.594,53.181999999999995,30.846999999999998,5.4183
1930,Oct,26.712,54.093,8.177,0.4389,30.8,22.623,5.43,587.562,54.093,27.8,12.2734
1931,Oct,28.2,49.393,8.177,0.0088,32.288000000000004,24.112,5.55,138.213,49.393,28.435,7.7349
1932,Oct,27.3,61.605,8.177,0.1459,31.388,23.212,5.3,262.058,61.605,27.923000000000002,5.7698
1933,Oct,27.112,54.093,8.177,0.38,31.2,23.023000000000003,5.44,209.648,54.093,28.212,7.2761
1934,Oct,27.412,53.205,8.177,0.0989,31.5,23.324,5.48,438.00699999999995,53.205,28.435,10.3745
1935,Oct,27.511999999999997,53.305,8.177,0.1112,31.6,23.423000000000002,5.46,355.835,53.305,28.435,8.7523
1936,Oct,27.811999999999998,54.093,8.177,0.0,31.9,23.724,5.46,116.272,54.093,28.535999999999998,6.1418
1937,Oct,27.112,54.093,8.177,0.3365,31.2,23.023000000000003,5.45,236.235,54.093,28.535999999999998,7.9794
1938,Oct,28.3,52.482,8.177,0.0012,32.388000000000005,24.211,5.5,148.57,52.482,28.535999999999998,5.0299
1939,Oct,27.712,52.793,8.177,0.0088,31.8,23.624000000000002,5.5,212.253,52.793,28.535999999999998,10.6841
1940,Oct,27.635,53.093,8.177,0.1,31.723000000000003,23.546999999999997,5.48,186.644,53.093,28.535999999999998,7.8834
1941,Oct,27.611,55.681000000000004,8.077,0.0,31.7,23.624000000000002,5.38,228.33700000000002,55.681000000000004,28.535999999999998,7.1358
1942,Oct,27.623,54.093,8.177,0.1264,31.712,23.535,5.46,120.37200000000001,54.093,28.435,7.12
1943,Oct,26.224,53.294,8.177,0.7088,30.311,22.136,5.41,713.067,53.294,26.935,12.3317
1944,Oct,27.835,50.67,8.177,0.0612,31.924,23.747,5.51,225.935,50.67,28.524,9.6984
1945,Oct,27.424,51.394,8.177,0.18,31.511999999999997,23.335,5.49,92.35700000000001,51.394,28.435,5.2029
1946,Oct,27.5,54.705,8.177,0.1159,31.588,23.412,5.4,212.72799999999998,54.705,28.435,6.9270000000000005
1947,Oct,27.011999999999997,54.493,8.177,0.4077,31.1,22.924,5.4,181.56799999999998,54.493,28.447,6.9416
1948,Oct,27.611,50.606,8.177,0.0,31.7,23.523000000000003,5.49,180.97,50.606,28.435,6.407
1949,Oct,28.212,54.005,8.177,0.0,32.3,24.123,5.45,121.344,54.005,28.447,5.6089
1950,Oct,27.211,51.858000000000004,8.177,0.3277,31.3,23.123,5.46,164.338,51.858000000000004,28.435,7.2443
1951,Oct,28.3,51.394,8.177,0.0,32.388000000000005,24.211,5.5,88.39299999999999,51.394,29.311999999999998,4.6611
1952,Oct,27.712,52.805,8.177,0.1088,31.8,23.624000000000002,5.48,117.307,52.805,28.447,7.9431
1953,Oct,27.211,52.593,8.177,0.18,31.3,23.123,5.46,460.934,52.593,28.435,10.5217
1954,Oct,27.112,52.705,8.177,0.3888,31.2,23.023000000000003,5.47,254.03099999999998,52.705,28.535999999999998,9.6882
1955,Oct,27.7,57.611000000000004,8.177,0.01,31.788,23.612,5.38,199.817,57.611000000000004,28.535999999999998,6.5523
1956,Oct,26.8,57.27,8.177,0.4789,30.888,22.711,5.34,252.923,57.27,27.346999999999998,10.0864
1957,Oct,27.488000000000003,56.163999999999994,8.177,0.0636,31.576999999999998,23.4,5.4,208.31900000000002,56.163999999999994,28.435,7.8481
1958,Oct,27.5,58.47,8.177,0.1365,31.588,23.412,5.38,381.176,58.47,28.435,10.5471
1959,Oct,27.8,58.07,8.177,0.01,31.889,23.712,5.39,218.608,58.07,28.535999999999998,7.6135
1960,Oct,27.9,53.382,8.177,0.0,31.988000000000003,23.811999999999998,5.48,145.734,53.382,28.435,5.9258
1961,Oct,27.611,54.146,8.177,0.1465,31.7,23.523000000000003,5.44,178.16,54.146,28.435,7.3929
1962,Oct,26.712,58.828,8.177,0.38,30.8,22.623,5.31,366.844,58.828,28.447,11.3189
1963,Oct,28.0,54.581,8.177,0.0,32.088,23.910999999999998,5.45,170.328,54.581,28.535999999999998,8.0354
1964,Oct,28.5,52.558,8.177,0.0,32.589,24.412,5.51,166.86599999999999,52.558,28.535999999999998,6.2216
1965,Oct,28.0,50.729,8.177,0.0,32.088,23.910999999999998,5.53,86.259,50.729,28.535999999999998,4.2893
1966,Oct,27.112,49.328,8.177,0.2747,31.2,23.023000000000003,5.48,216.702,49.328,28.447,8.1445
1967,Oct,26.811999999999998,53.475,8.177,0.4723,30.9,22.723000000000003,5.45,126.228,53.475,28.435,5.9922
1968,Oct,27.611,50.828,8.177,0.0888,31.7,23.523000000000003,5.51,127.655,50.828,28.346999999999998,6.6818
1969,Oct,27.211,52.617,8.177,0.19,31.3,23.123,5.46,503.865,52.617,28.535999999999998,11.8098
1970,Oct,27.424,54.981,8.177,0.1353,31.511999999999997,23.335,5.42,121.814,54.981,28.535999999999998,6.347
1971,Oct,27.289,54.258,8.177,0.3024,31.375999999999998,23.2,5.44,351.022,54.258,28.435,9.621
1972,Oct,27.412,57.006,8.177,0.1365,31.5,23.324,5.4,384.08,57.006,28.346999999999998,9.9524
1973,Oct,27.7,56.282,8.177,0.0111,31.788,23.612,5.42,214.488,56.282,28.323,8.2241
1974,Oct,27.5,52.876000000000005,8.177,0.09,31.588,23.412,5.46,186.708,52.876000000000005,28.447,7.2093
1975,Oct,27.223000000000003,59.923,8.177,0.1876,31.311999999999998,23.135,5.32,322.447,59.923,28.535999999999998,10.3601
1976,Oct,27.611,49.463,8.177,0.0,31.7,23.523000000000003,5.52,361.909,49.463,28.435,9.2966
1977,Oct,26.823,59.428999999999995,8.177,0.2612,30.912,22.735,5.31,460.26599999999996,59.428999999999995,28.535999999999998,10.6163
1978,Oct,28.112,54.593,8.177,0.0,32.2,24.024,5.44,130.42,54.593,28.535999999999998,6.3375
1979,Oct,27.811999999999998,52.293,8.177,0.0547,31.9,23.724,5.47,126.685,52.293,28.535999999999998,5.8452
1980,Oct,27.9,49.463,8.177,0.0,31.988000000000003,23.811999999999998,5.56,114.68700000000001,49.463,28.524,6.341
1981,Oct,27.611,54.382,8.177,0.09,31.7,23.523000000000003,5.42,346.524,54.382,28.435,9.201
1982,Oct,28.112,54.593,8.177,0.0,32.2,24.024,5.45,129.29399999999998,54.593,28.535999999999998,6.8742
1983,Oct,27.824,55.181999999999995,8.177,0.0,31.912,23.735,5.41,304.349,55.181999999999995,28.447,7.19
1984,Oct,27.635,54.093,8.177,0.01,31.723000000000003,23.546999999999997,5.45,158.826,54.093,28.535999999999998,5.7124
1985,Oct,27.724,54.394,8.177,0.0665,31.811,23.636,5.46,115.405,54.394,28.535999999999998,6.897
1986,Oct,27.523000000000003,54.181000000000004,8.177,0.0,31.612,23.435,5.45,367.156,54.181000000000004,28.535999999999998,8.7764
1987,Oct,28.011,54.093,8.177,0.0,32.1,23.923000000000002,5.47,260.469,54.093,28.435,8.4946
1988,Oct,28.524,55.181999999999995,8.177,0.0,32.611999999999995,24.435,5.46,101.169,55.181999999999995,29.546999999999997,5.1695
1989,Oct,28.212,54.181000000000004,8.177,0.0,32.3,24.123,5.47,135.998,54.181000000000004,28.535999999999998,6.2945
1990,Oct,27.611,54.482,8.177,0.1,31.7,23.523000000000003,5.43,383.515,54.482,28.535999999999998,10.071
1991,Oct,28.112,54.093,8.177,0.0,32.2,24.024,5.48,207.657,54.093,28.435,8.3952
1992,Oct,27.811999999999998,54.093,8.177,0.0,31.9,23.724,5.45,122.03299999999999,54.093,28.535999999999998,6.3282
1993,Oct,27.6,54.093,8.177,0.01,31.688000000000002,23.511,5.44,294.568,54.093,28.535999999999998,9.2312
1994,Oct,27.724,54.093,8.177,0.0,31.811,23.636,5.48,331.912,54.093,28.447,9.8077
1995,Oct,27.923000000000002,54.093,8.177,0.0,32.012,23.835,5.44,183.515,54.093,28.535999999999998,8.8336
1996,Oct,27.724,54.799,8.177,0.0618,31.811,23.636,5.41,279.55400000000003,54.799,28.535999999999998,8.9764
1997,Oct,27.912,42.352,8.177,0.0,32.0,23.823,5.68,220.989,42.352,28.435,8.2828
1998,Oct,27.824,62.099,8.177,0.0,31.912,23.735,5.3,103.728,62.099,28.835,7.8671
1999,Oct,27.824,46.099,8.177,0.0,31.912,23.735,5.59,208.31099999999998,46.099,28.535999999999998,8.1293
2000,Oct,27.611,51.364,8.177,0.0,31.7,23.523000000000003,5.49,236.43900000000002,51.364,28.7,8.0523
2001,Oct,27.424,51.934,8.177,0.0,31.511999999999997,23.335,5.47,347.236,51.934,28.535999999999998,9.3694
2002,Oct,27.912,58.693000000000005,8.177,0.0,32.0,23.823,5.41,287.694,58.693000000000005,28.435,9.1787
1930,Nov,24.835,46.441,7.465,0.3741,28.612,21.147,4.81,507.45,46.441,24.982,9.5265
1931,Nov,25.511999999999997,44.106,7.465,0.1788,29.288,21.824,4.91,314.70599999999996,44.106,25.005,8.4259
1932,Nov,25.623,55.552,7.465,0.09,29.4,21.935,4.68,245.22299999999998,55.552,25.682,9.7046
1933,Nov,25.423000000000002,45.941,7.465,0.09,29.2,21.736,4.85,73.71,45.941,25.682,4.6064
1934,Nov,25.224,42.852,7.465,0.3265,29.0,21.535,4.92,110.266,42.852,24.894000000000002,6.9952
1935,Nov,25.323,44.729,7.465,0.1677,29.1,21.635,4.88,100.831,44.729,24.694000000000003,4.6763
1936,Nov,25.623,47.82899999999999,7.465,0.0376,29.4,21.935,4.82,352.659,47.82899999999999,25.682,10.37
1937,Nov,25.035,45.74100000000001,7.465,0.26,28.811,21.346999999999998,4.85,515.836,45.74100000000001,25.682,10.1239
1938,Nov,25.323,43.464,7.465,0.2641,29.1,21.635,4.92,4.124,43.464,24.994,4.1046
1939,Nov,25.124000000000002,48.629,7.465,0.3741,28.9,21.435,4.8,357.664,48.629,24.805999999999997,9.8675
1940,Nov,25.423000000000002,50.964,7.465,0.08,29.2,21.736,4.76,457.727,50.964,25.67,11.2592
1941,Nov,25.612,48.441,7.465,0.0565,29.388,21.923000000000002,4.82,334.14300000000003,48.441,25.781999999999996,9.3176
1942,Nov,25.535,44.193999999999996,7.465,0.1077,29.311999999999998,21.846999999999998,4.9,102.57799999999999,44.193999999999996,25.77,5.2253
1943,Nov,25.423000000000002,47.841,7.465,0.1077,29.2,21.736,4.8,245.2,47.841,25.493000000000002,7.8983
1944,Nov,25.524,46.853,7.465,0.2388,29.3,21.835,4.85,501.69699999999995,46.853,25.182,10.6022
1945,Nov,24.623,48.553000000000004,7.465,0.4206,28.4,20.936,4.8,286.818,48.553000000000004,25.305999999999997,7.9234
1946,Nov,25.924,52.552,7.465,0.0,29.7,22.235,4.74,515.988,52.552,26.081999999999997,11.9501
1947,Nov,25.524,42.24100000000001,7.465,0.1742,29.3,21.835,4.91,53.806000000000004,42.24100000000001,25.194000000000003,4.0482
1948,Nov,26.3,46.928999999999995,7.465,0.0,30.076999999999998,22.612,4.87,251.91400000000002,46.928999999999995,25.682,9.6783
1949,Nov,25.235,43.24,7.465,0.3164,29.011999999999997,21.546999999999997,4.93,128.018,43.24,25.182,4.0823
1950,Nov,25.224,46.053000000000004,7.465,0.2865,29.0,21.535,4.84,97.92,46.053000000000004,24.894000000000002,7.3634
1951,Nov,26.123,47.553000000000004,7.465,0.0,29.9,22.435,4.87,148.589,47.553000000000004,25.682,8.9991
1952,Nov,25.735,39.852,7.465,0.0441,29.511,22.046999999999997,4.98,31.396,39.852,25.093000000000004,2.0999
1953,Nov,25.435,42.953,7.465,0.2077,29.212,21.747,4.91,97.75,42.953,25.394000000000002,4.2045
1954,Nov,24.623,39.6,7.465,0.5776,28.4,20.936,4.94,15.708,39.6,24.394000000000002,1.6969999999999998
1955,Nov,24.835,46.853,7.465,0.3642,28.612,21.147,4.85,128.586,46.853,24.594,4.7141
1956,Nov,25.311999999999998,49.105,7.465,0.16,29.088,21.623,4.8,185.575,49.105,25.781999999999996,6.9274
1957,Nov,25.410999999999998,47.841,7.465,0.1512,29.189,21.724,4.81,331.73900000000003,47.841,25.682,8.914
1958,Nov,25.711,51.218,7.465,0.0,29.488000000000003,22.023000000000003,4.76,328.26199999999994,51.218,25.682,7.8952
1959,Nov,25.311999999999998,46.476000000000006,7.465,0.1176,29.088,21.623,4.86,258.004,46.476000000000006,25.781999999999996,6.9493
1960,Nov,24.523000000000003,52.629,7.465,0.4088,28.3,20.835,4.71,651.873,52.629,25.682,11.9474
1961,Nov,25.124000000000002,47.406000000000006,7.465,0.26,28.9,21.435,4.84,136.937,47.406000000000006,25.081999999999997,6.4906
1962,Nov,25.410999999999998,42.165,7.465,0.2188,29.189,21.724,4.9,75.248,42.165,24.994,5.3787
1963,Nov,25.612,47.953,7.465,0.0,29.388,21.923000000000002,4.84,313.587,47.953,25.682,6.2773
1964,Nov,24.635,46.353,7.465,0.2588,28.410999999999998,20.947,4.85,517.216,46.353,25.194000000000003,9.6581
1965,Nov,25.511999999999997,44.56399999999999,7.465,0.0,29.288,21.824,4.89,235.65599999999998,44.56399999999999,25.77,7.0452
1966,Nov,26.123,49.105,7.465,0.0,29.9,22.435,4.81,505.566,49.105,25.871,10.6794
1967,Nov,24.523000000000003,39.864000000000004,7.465,0.3565,28.3,20.835,4.91,112.586,39.864000000000004,25.093000000000004,6.6539
1968,Nov,25.410999999999998,46.976000000000006,7.465,0.0923,29.189,21.724,4.84,128.43200000000002,46.976000000000006,25.682,6.5389
1969,Nov,26.212,45.32899999999999,7.465,0.0,29.989,22.524,4.9,343.876,45.32899999999999,25.682,8.9928
1970,Nov,25.323,46.823,7.465,0.2011,29.1,21.635,4.87,429.602,46.823,24.994,10.1402
1971,Nov,24.935,36.823,7.465,0.26,28.712,21.247,5.03,64.46300000000001,36.823,24.994,4.8046
1972,Nov,25.623,47.629,7.465,0.0,29.4,21.935,4.81,167.32299999999998,47.629,25.682,7.67
1973,Nov,25.224,43.163999999999994,7.465,0.26,29.0,21.535,4.92,55.864,43.163999999999994,25.581999999999997,6.5987
1974,Nov,25.147,39.041,7.465,0.2065,28.924,21.459,4.99,117.63,39.041,25.493000000000002,5.29
1975,Nov,24.824,47.676,7.465,0.4065,28.6,21.135,4.81,341.414,47.676,24.294,8.9334
1976,Nov,26.123,51.776,7.465,0.0,29.9,22.435,4.75,560.269,51.776,25.971,11.2582
1977,Nov,25.912,54.535,7.465,0.0,29.688000000000002,22.224,4.69,460.281,54.535,26.371,11.0494
1978,Nov,26.135,47.506,7.465,0.0,29.910999999999998,22.445999999999998,4.86,168.817,47.506,26.371,10.0653
1979,Nov,25.811999999999998,55.341,7.465,0.0023,29.589000000000002,22.124000000000002,4.68,510.07,55.341,26.371,12.1335
1980,Nov,25.511999999999997,45.452,7.465,0.0023,29.288,21.824,4.87,397.684,45.452,25.871,9.0806
1981,Nov,25.524,46.706,7.465,0.0,29.3,21.835,4.85,66.243,46.706,25.682,7.0681
1982,Nov,26.224,47.32899999999999,7.465,0.0,30.0,22.535,4.87,262.047,47.32899999999999,25.682,8.6828
1983,Nov,25.635,46.729,7.465,0.0,29.412,21.947,4.85,91.932,46.729,25.381999999999998,5.5569
1984,Nov,25.235,45.852,7.465,0.1012,29.011999999999997,21.546999999999997,4.85,316.022,45.852,25.77,7.5324
1985,Nov,24.736,46.152,7.465,0.1824,28.511999999999997,21.046999999999997,4.82,768.9119999999999,46.152,25.77,12.6051
1986,Nov,25.924,47.541000000000004,7.465,0.0,29.7,22.235,4.82,145.174,47.541000000000004,25.971,8.3929
1987,Nov,26.435,47.229,7.465,0.0,30.212,22.747,4.87,196.579,47.229,26.993000000000002,8.3851
1988,Nov,25.023000000000003,46.441,7.465,0.1736,28.8,21.336,4.85,371.411,46.441,25.682,8.5317
1989,Nov,25.524,46.729,7.465,0.0,29.3,21.835,4.86,365.671,46.729,25.682,8.3664
1990,Nov,26.224,47.229,7.465,0.0,30.0,22.535,4.84,194.18900000000002,47.229,26.781999999999996,7.1684
1991,Nov,25.635,46.441,7.465,0.0353,29.412,21.947,4.86,375.267,46.441,25.281999999999996,9.0053
1992,Nov,26.035,46.441,7.465,0.0,29.811999999999998,22.346999999999998,4.87,348.91,46.441,25.77,8.9322
1993,Nov,25.912,46.441,7.465,0.0,29.688000000000002,22.224,4.86,336.486,46.441,26.494,8.7234
1994,Nov,25.323,46.441,7.465,0.1747,29.1,21.635,4.85,355.806,46.441,25.682,9.437000000000001
1995,Nov,26.624000000000002,46.441,7.465,0.0,30.4,22.935,4.89,153.495,46.441,27.281999999999996,6.5771
1996,Nov,26.212,39.494,7.465,0.0,29.989,22.524,5.0,259.982,39.494,25.682,8.4565
1997,Nov,25.912,58.6,7.465,0.0,29.688000000000002,22.224,4.64,617.086,58.6,26.671,12.0657
1998,Nov,26.236,42.982,7.465,0.0,30.011999999999997,22.546999999999997,4.94,315.819,42.982,26.982,8.1611
1999,Nov,26.023000000000003,35.053000000000004,7.465,0.0,29.8,22.335,5.08,158.69,35.053000000000004,25.682,6.5757
2000,Nov,26.123,38.641,7.465,0.0,29.9,22.435,5.01,136.547,38.641,26.17,5.8293
2001,Nov,26.324,46.858000000000004,7.465,0.0,30.1,22.635,4.86,204.658,46.858000000000004,26.359,6.593999999999999
2002,Nov,25.623,51.294,7.465,0.0,29.4,21.935,4.76,343.537,51.294,25.682,8.2457
1930,Dec,24.324,36.593,7.941,0.0,28.3,20.359,4.79,106.625,36.593,23.87,2.3522
1931,Dec,24.311999999999998,37.993,7.941,0.2089,28.288,20.347,4.79,302.993,37.993,23.759,7.5336
1932,Dec,24.123,36.593,7.941,0.2136,28.1,20.158,4.8,83.595,36.593,23.846999999999998,2.9656
1933,Dec,24.024,35.393,7.941,0.29,28.0,20.059,4.81,325.534,35.393,23.659000000000002,6.9188
1934,Dec,23.724,34.07,7.941,0.3577,27.7,19.758,4.82,39.228,34.07,23.759,1.8928
1935,Dec,24.311999999999998,36.593,7.941,0.1506,28.288,20.347,4.79,63.907,36.593,23.659000000000002,2.4638
1936,Dec,24.811999999999998,36.593,7.941,0.0,28.788,20.846999999999998,4.82,38.036,36.593,23.87,4.0698
1937,Dec,23.535,35.393,7.941,0.3412,27.511999999999997,19.570999999999998,4.79,136.695,35.393,23.659000000000002,4.5728
1938,Dec,24.211,36.881,7.941,0.2165,28.188000000000002,20.247,4.8,68.062,36.881,23.381999999999998,2.8904
1939,Dec,24.424,34.993,7.941,0.14,28.4,20.458,4.86,19.344,34.993,23.87,1.6088
1940,Dec,24.424,37.693000000000005,7.941,0.0,28.4,20.458,4.77,106.664,37.693000000000005,23.87,4.1256
1941,Dec,24.324,36.481,7.941,0.0,28.3,20.359,4.8,223.69400000000002,36.481,23.87,6.5116
1942,Dec,24.412,40.405,7.941,0.0189,28.388,20.447,4.72,235.425,40.405,23.87,5.6563
1943,Dec,24.223000000000003,35.393,7.941,0.2776,28.2,20.259,4.81,91.84299999999999,35.393,23.87,4.0268
1944,Dec,24.223000000000003,35.693000000000005,7.941,0.2458,28.2,20.259,4.82,256.462,35.693000000000005,23.87,4.832
1945,Dec,23.811999999999998,35.894,7.941,0.29,27.788,19.847,4.8,11.359000000000002,35.894,23.482,1.2658
1946,Dec,24.424,40.494,7.941,0.0,28.4,20.458,4.72,640.322,40.494,23.87,8.3243
1947,Dec,24.211,36.593,7.941,0.2335,28.188000000000002,20.247,4.8,26.28,36.593,23.759,3.9895
1948,Dec,24.123,35.493,7.941,0.2665,28.1,20.158,4.85,66.494,35.493,23.87,3.6476
1949,Dec,23.823,32.158,7.941,0.2312,27.8,19.859,4.89,1.435,32.158,23.459,1.4123
1950,Dec,24.123,35.093,7.941,0.2011,28.1,20.158,4.82,8.135,35.093,23.77,1.9069
1951,Dec,24.223000000000003,32.894,7.941,0.1453,28.2,20.259,4.88,1.964,32.894,23.87,1.3734
1952,Dec,24.435,36.505,7.941,0.0,28.410999999999998,20.47,4.8,345.53,36.505,24.459,8.7061
1953,Dec,24.112,32.894,7.941,0.2165,28.089000000000002,20.147000000000002,4.87,29.963,32.894,23.87,2.3609999999999998
1954,Dec,24.112,37.082,7.941,0.1512,28.089000000000002,20.147000000000002,4.77,243.203,37.082,23.87,6.3856
1955,Dec,23.324,35.393,7.941,0.5411,27.3,19.358,4.79,118.53,35.393,22.859,5.9475
1956,Dec,23.724,34.905,7.941,0.26,27.7,19.758,4.81,138.19,34.905,23.87,3.9339999999999997
1957,Dec,24.511999999999997,38.617,7.941,0.0,28.489,20.546,4.75,1.847,38.617,23.87,1.8028
1958,Dec,24.523000000000003,36.893,7.941,0.0,28.5,20.558000000000003,4.8,60.556000000000004,36.893,23.87,2.3729
1959,Dec,24.024,36.181,7.941,0.0,28.0,20.059,4.8,25.186999999999998,36.181,23.87,2.9004
1960,Dec,24.324,36.569,7.941,0.0,28.3,20.359,4.77,101.831,36.569,23.87,3.2017
1961,Dec,23.612,37.494,7.941,0.3589,27.588,19.647000000000002,4.77,11.895999999999999,37.494,23.359,2.2186
1962,Dec,24.511999999999997,36.77,7.941,0.0177,28.489,20.546,4.81,87.29799999999999,36.77,23.87,4.94
1963,Dec,24.324,36.593,7.941,0.0,28.3,20.359,4.8,155.32,36.593,23.87,6.645
1964,Dec,24.024,32.87,7.941,0.1988,28.0,20.059,4.84,17.005,32.87,23.87,3.1782
1965,Dec,24.712,38.629,7.941,0.0,28.688000000000002,20.747,4.75,294.415,38.629,23.87,6.9431
1966,Dec,24.324,36.593,7.941,0.0,28.3,20.359,4.81,109.85600000000001,36.593,23.87,4.6156
1967,Dec,24.611,40.847,7.941,0.0,28.588,20.647,4.71,359.024,40.847,23.87,7.5897
1968,Dec,24.211,35.906,7.941,0.0,28.188000000000002,20.247,4.81,154.468,35.906,23.87,4.5771
1969,Dec,24.112,39.429,7.941,0.0677,28.089000000000002,20.147000000000002,4.75,115.77,39.429,23.581999999999997,7.1612
1970,Dec,22.824,28.74,7.941,0.6511,26.8,18.859,4.89,10.719000000000001,28.74,22.47,1.6034
1971,Dec,23.412,34.74,7.941,0.4512,27.388,19.447,4.81,154.592,34.74,22.570999999999998,6.0342
1972,Dec,24.846999999999998,40.958,7.941,0.0,28.823,20.881999999999998,4.72,402.333,40.958,23.87,7.8161
1973,Dec,23.8,37.281,7.941,0.3347,27.776999999999997,19.836,4.79,159.475,37.281,23.47,4.1904
1974,Dec,23.724,30.982,7.941,0.3341,27.7,19.758,4.89,6.289,30.982,23.87,1.0934
1975,Dec,23.523000000000003,34.193000000000005,7.941,0.45,27.5,19.559,4.82,26.578000000000003,34.193000000000005,22.982,3.0039
1976,Dec,24.912,34.705,7.941,0.0,28.889,20.947,4.88,13.540999999999999,34.705,23.593000000000004,2.3679
1977,Dec,24.336,35.069,7.853,0.0277,28.311999999999998,20.458,4.82,15.373,35.069,23.87,1.4481
1978,Dec,24.435,43.129,7.941,0.0,28.410999999999998,20.47,4.69,426.25699999999995,43.129,23.881999999999998,6.6173
1979,Dec,25.136,38.005,7.941,0.0,29.111,21.17,4.8,67.218,38.005,23.982,3.5481
1980,Dec,24.523000000000003,38.493,7.941,0.0,28.5,20.558000000000003,4.77,111.204,38.493,23.87,4.1079
1981,Dec,23.923000000000002,37.394,7.742000000000001,0.1094,27.8,20.059,4.72,105.8,37.394,23.87,4.7264
1982,Dec,24.435,36.117,8.142000000000001,0.0,28.511999999999997,20.37,4.88,62.011,36.117,23.87,3.6180000000000003
1983,Dec,24.523000000000003,36.593,7.941,0.0,28.5,20.558000000000003,4.8,311.055,36.593,23.87,6.7356
1984,Dec,24.424,36.105,7.941,0.0,28.4,20.458,4.8,121.929,36.105,24.27,4.6671
1985,Dec,24.523000000000003,36.593,7.941,0.0,28.5,20.558000000000003,4.8,117.48100000000001,36.593,23.87,4.1704
1986,Dec,25.224,37.181999999999995,7.941,0.0,29.2,21.258000000000003,4.81,96.086,37.181999999999995,25.147,5.2169
1987,Dec,24.635,36.593,7.941,0.0,28.612,20.671,4.82,317.744,36.593,23.87,7.0498
1988,Dec,24.635,36.593,7.941,0.0,28.612,20.671,4.8,97.977,36.593,23.87,5.1799
1989,Dec,24.336,36.593,7.941,0.0,28.311999999999998,20.37,4.8,130.255,36.593,23.87,4.1987
1990,Dec,24.935,36.593,7.941,0.0,28.912,20.971,4.81,50.707,36.593,23.87,4.8335
1991,Dec,24.635,36.593,7.941,0.0177,28.612,20.671,4.81,6.3260000000000005,36.593,23.87,2.0498
1992,Dec,24.324,36.593,7.941,0.0965,28.3,20.359,4.81,125.961,36.593,23.87,4.0916
1993,Dec,24.511999999999997,36.593,7.941,0.13,28.489,20.546,4.8,286.091,36.593,23.87,7.4121
1994,Dec,24.135,36.593,7.941,0.0741,28.112,20.17,4.79,35.342,36.593,23.87,2.4246
1995,Dec,24.623,36.593,7.941,0.0,28.6,20.659000000000002,4.82,17.521,36.593,23.87,1.5799
1996,Dec,24.511999999999997,40.24,7.941,0.0,28.489,20.546,4.75,374.415,40.24,23.87,6.8516
1997,Dec,24.846999999999998,36.14,7.941,0.0,28.823,20.881999999999998,4.79,338.405,36.14,24.359,8.4251
1998,Dec,24.535,39.399,7.941,0.0,28.511999999999997,20.57,4.78,252.36900000000003,39.399,23.87,6.2562
1999,Dec,24.523000000000003,34.229,7.941,0.0,28.5,20.558000000000003,4.84,75.501,34.229,23.87,3.1264
2000,Dec,24.523000000000003,33.558,7.941,0.0,28.5,20.558000000000003,4.85,56.926,33.558,23.87,3.3492
2001,Dec,24.523000000000003,38.352,7.941,0.0,28.5,20.558000000000003,4.77,211.903,38.352,23.87,5.3038
2002,Dec,24.523000000000003,30.951999999999998,7.941,0.0,28.5,20.558000000000003,4.89,41.369,30.951999999999998,23.87,3.1468
